Date,League,Home,Home_Score,Away,Away_Score,Source,ScrapedAt
22-Aug-25,IND,Foothills,0,L.C.I.,50,www.footballalberta.ab.ca,2025-12-07T07:46:25.447402
22-Aug-25,PSK(EX),Raymond,14,Harry Ainlay,28,www.footballalberta.ab.ca,2025-12-07T07:46:25.487403
23-Aug-25,BSK(EX),Drumheller,20,Lacombe,49,www.footballalberta.ab.ca,2025-12-07T07:46:25.529918
23-Aug-25,ED1(EX),Ross Sheppard,41,Sturgeon,27,www.footballalberta.ab.ca,2025-12-07T07:46:25.568918
22-Aug-25,IND,Holy Trinity Academy,21,Jasper Place,16,www.footballalberta.ab.ca,2025-12-07T07:46:25.617922
23-Aug-25,IND,St. Joseph's,28,Bev Facey,3,www.footballalberta.ab.ca,2025-12-07T07:46:25.659434
23-Aug-25,PSK(EX),Catholic Central,63,Strathmore,13,www.footballalberta.ab.ca,2025-12-07T07:46:25.699434
23-Aug-25,RKV(EX),George McDougall,39,Fort McMurray,0,www.footballalberta.ab.ca,2025-12-07T07:46:25.741947
26-Aug-25,PSK,L.C.I.,DNP,Cardston,DNP,www.footballalberta.ab.ca,2025-12-07T07:46:25.819463
28-Aug-25,CEN(EX),Stettler,0,Crescent Heights (MH),16,www.footballalberta.ab.ca,2025-12-07T07:46:25.858462
28-Aug-25,ED1(EX),Harry Ainlay,27,L.C.I.,14,www.footballalberta.ab.ca,2025-12-07T07:46:25.898462
28-Aug-25,MPE,Grande Prairie,14,Sexsmith,0,www.footballalberta.ab.ca,2025-12-07T07:46:25.940975
28-Aug-25,PSK(EX),Medicine Hat,40,Winston Churchill,0,www.footballalberta.ab.ca,2025-12-07T07:46:25.985978
28-Aug-25,RKV,Chestermere,7,Cochrane,41,www.footballalberta.ab.ca,2025-12-07T07:46:26.028495
28-Aug-25,WHE(EX),St. Paul,42,Lacombe,0,www.footballalberta.ab.ca,2025-12-07T07:46:26.073494
29-Aug-25,BSK(EX),Drumheller,34,Strathmore,35,www.footballalberta.ab.ca,2025-12-07T07:46:26.118003
29-Aug-25,BSK(EX),Canmore,DNP,John G. Diefenbaker,DNP,www.footballalberta.ab.ca,2025-12-07T07:46:26.175097
29-Aug-25,CEN(EX),Sylvan Lake,21,Olds,17,www.footballalberta.ab.ca,2025-12-07T07:46:26.212106
29-Aug-25,CEN(EX),Notre Dame (RD),7,St. Francis,21,www.footballalberta.ab.ca,2025-12-07T07:46:26.249339
29-Aug-25,CGY(EX),Ernest Manning,16,Salisbury,17,www.footballalberta.ab.ca,2025-12-07T07:46:26.288341
30-Aug-25,CGY(EX),Bishop O'Byrne,12,Fort McMurray,14,www.footballalberta.ab.ca,2025-12-07T07:46:26.326449
29-Aug-25,CGY(EX),Holy Cross (SK),14,Notre Dame (CGY),14,www.footballalberta.ab.ca,2025-12-07T07:46:26.363449
29-Aug-25,ED1(EX),Spruce Grove,38,Peace Wapiti,6,www.footballalberta.ab.ca,2025-12-07T07:46:26.402450
29-Aug-25,ED1(EX),Paul Kane,7,Holy Rosary,33,www.footballalberta.ab.ca,2025-12-07T07:46:26.438513
29-Aug-25,ED1(EX),Jasper Place,37,All Saints,0,www.footballalberta.ab.ca,2025-12-07T07:46:26.476511
29-Aug-25,ED2(EX),St. Francis Xavier,2,Cold Lake,36,www.footballalberta.ab.ca,2025-12-07T07:46:26.513520
29-Aug-25,IND,Holy Trinity Academy,56,W.H. Croxford,0,www.footballalberta.ab.ca,2025-12-07T07:46:26.558592
29-Aug-25,PSK(EX),Raymond,38,Ross Sheppard,13,www.footballalberta.ab.ca,2025-12-07T07:46:26.597593
29-Aug-25,RKV,Bert Church,6,Springbank,9,www.footballalberta.ab.ca,2025-12-07T07:46:26.636654
29-Aug-25,RKV,George McDougall,41,Bow Valley,0,www.footballalberta.ab.ca,2025-12-07T07:46:26.673657
29-Aug-25,SOU(EX),W.R. Myers,14,Catholic Central,55,www.footballalberta.ab.ca,2025-12-07T07:46:26.711659
29-Aug-25,SOU(EX),McCoy,42,Joane Cardinal-Schubert,8,www.footballalberta.ab.ca,2025-12-07T07:46:26.748690
30-Aug-25,ED1(EX),Austin O'Brien,19,St. Joseph's,25,www.footballalberta.ab.ca,2025-12-07T07:46:26.786691
30-Aug-25,ED1(EX),Bev Facey,14,Centennial,16,www.footballalberta.ab.ca,2025-12-07T07:46:26.826817
30-Aug-25,ED2(EX),Strathcona,26,Bellerose,26,www.footballalberta.ab.ca,2025-12-07T07:46:26.874414
30-Aug-25,ED2(EX),Sturgeon,37,Cold Lake,7,www.footballalberta.ab.ca,2025-12-07T07:46:26.915617
04-Sep-25,CEN,Lindsay Thurber,26,Iron Ridge,0,www.footballalberta.ab.ca,2025-12-07T07:46:27.015156
04-Sep-25,CGY,Crescent Heights (CGY),6,Our Lady of the Rockies,15,www.footballalberta.ab.ca,2025-12-07T07:46:27.066492
04-Sep-25,CGY,Robert Thirsk,6,Bishop O'Byrne,38,www.footballalberta.ab.ca,2025-12-07T07:46:27.105498
04-Sep-25,CGY,St. Mary's,16,Dr. E.P. Scarlett,26,www.footballalberta.ab.ca,2025-12-07T07:46:27.144011
04-Sep-25,CGY,Central Memorial,34,John G. Diefenbaker,2,www.footballalberta.ab.ca,2025-12-07T07:46:27.188010
04-Sep-25,ED1(EX),Harry Ainlay,45,St. Joseph's,6,www.footballalberta.ab.ca,2025-12-07T07:46:27.226523
04-Sep-25,ED2,M.E. LaZerte,3,Beaumont,38,www.footballalberta.ab.ca,2025-12-07T07:46:27.264523
04-Sep-25,ED2,Archbishop O'Leary,2,Strathcona,12,www.footballalberta.ab.ca,2025-12-07T07:46:27.306527
04-Sep-25,ED2,St. Francis Xavier,3,Paul Kane,28,www.footballalberta.ab.ca,2025-12-07T07:46:27.346038
04-Sep-25,ED3,McNally,35,St. Joseph,0,www.footballalberta.ab.ca,2025-12-07T07:46:27.390038
04-Sep-25,ED3,Fort Saskatchewan,32,Queen Elizabeth,0,www.footballalberta.ab.ca,2025-12-07T07:46:27.432554
04-Sep-25,IND,Strathmore,0,Chinook,54,www.footballalberta.ab.ca,2025-12-07T07:46:27.472554
05-Sep-25,9aside(EX),Bonnyville,36,Frank Maddock,0,www.footballalberta.ab.ca,2025-12-07T07:46:27.512558
05-Sep-25,9aside(EX),Millwood Christian,44,Whitecourt,6,www.footballalberta.ab.ca,2025-12-07T07:46:27.552069
05-Sep-25,BSK,Olds,35,Drumheller,20,www.footballalberta.ab.ca,2025-12-07T07:46:27.590069
05-Sep-25,BSK,Canmore,71,Highwood,0,www.footballalberta.ab.ca,2025-12-07T07:46:27.629582
05-Sep-25,CEN,Stettler,3,Camrose,6,www.footballalberta.ab.ca,2025-12-07T07:46:27.669583
05-Sep-25,CEN,Lacombe,0,Sylvan Lake,10,www.footballalberta.ab.ca,2025-12-07T07:46:27.709587
05-Sep-25,CEN,Hunting Hills,17,Notre Dame (RD),21,www.footballalberta.ab.ca,2025-12-07T07:46:27.748098
05-Sep-25,CGY,Joane Cardinal-Schubert,30,William Aberhart,15,www.footballalberta.ab.ca,2025-12-07T07:46:27.789098
05-Sep-25,CGY,Ernest Manning,7,Notre Dame (CGY),8,www.footballalberta.ab.ca,2025-12-07T07:46:27.826611
05-Sep-25,CGY,St. Francis,34,Henry Wise Wood,9,www.footballalberta.ab.ca,2025-12-07T07:46:27.863611
05-Sep-25,CGY,Western Canada,0,Bowness,49,www.footballalberta.ab.ca,2025-12-07T07:46:27.901611
05-Sep-25,CGY,Lord Beaverbrook,22,Bishop Carroll,21,www.footballalberta.ab.ca,2025-12-07T07:46:27.940127
05-Sep-25,CGY(EX),Centennial,7,Raymond,35,www.footballalberta.ab.ca,2025-12-07T07:46:27.978127
05-Sep-25,ED1,Ross Sheppard,22,Bev Facey,10,www.footballalberta.ab.ca,2025-12-07T07:46:28.015130
05-Sep-25,ED1,Jasper Place,8,Spruce Grove,15,www.footballalberta.ab.ca,2025-12-07T07:46:28.054641
05-Sep-25,ED1,Salisbury,43,Austin O'Brien,17,www.footballalberta.ab.ca,2025-12-07T07:46:28.093641
05-Sep-25,ED2,Lillian Osborne,14,Sturgeon,52,www.footballalberta.ab.ca,2025-12-07T07:46:28.131063
05-Sep-25,ED2,Archbishop Jordan,31,Bellerose,28,www.footballalberta.ab.ca,2025-12-07T07:46:28.170063
05-Sep-25,ED3,Leduc,3,St. Albert,7,www.footballalberta.ab.ca,2025-12-07T07:46:28.209068
05-Sep-25,IND,Foothills,7,All Saints,15,www.footballalberta.ab.ca,2025-12-07T07:46:28.246577
05-Sep-25,IND,Holy Trinity Academy,17,Medicine Hat,7,www.footballalberta.ab.ca,2025-12-07T07:46:28.282577
05-Sep-25,MPE,Peace Wapiti,PPD,Fort McMurray,PPD,www.footballalberta.ab.ca,2025-12-07T07:46:28.321093
05-Sep-25,PSK(EX),Kelowna (BC),CAN,L.C.I.,CAN,www.footballalberta.ab.ca,2025-12-07T07:46:28.358092
05-Sep-25,RKV,Cochrane,40,Bert Church,0,www.footballalberta.ab.ca,2025-12-07T07:46:28.395093
05-Sep-25,RKV,Springbank,16,Chestermere,0,www.footballalberta.ab.ca,2025-12-07T07:46:28.432605
05-Sep-25,RKV,George McDougall,38,W.H. Croxford,19,www.footballalberta.ab.ca,2025-12-07T07:46:28.471606
05-Sep-25,SOU,Willow Creek,28,Brooks,21,www.footballalberta.ab.ca,2025-12-07T07:46:28.511609
05-Sep-25,SOU,Crescent Heights (MH),27,McCoy,31,www.footballalberta.ab.ca,2025-12-07T07:46:28.549120
05-Sep-25,SOU(EX),W.R. Myers,14,Cardston,49,www.footballalberta.ab.ca,2025-12-07T07:46:28.589120
05-Sep-25,SOU(EX),Winston Churchill,15,Catholic Central,43,www.footballalberta.ab.ca,2025-12-07T07:46:28.626633
05-Sep-25,WHE(EX),Carlton (SK),8,Holy Rosary,22,www.footballalberta.ab.ca,2025-12-07T07:46:28.665633
06-Sep-25,WHE(EX),Holy Cross (SK),17,St. Paul,56,www.footballalberta.ab.ca,2025-12-07T07:46:28.709638
06-Sep-25,9aside(EX),Wainwright,38,Coaldale,0,www.footballalberta.ab.ca,2025-12-07T07:46:28.749148
06-Sep-25,WHE(EX),Cold Lake,24,Grande Prairie,23,www.footballalberta.ab.ca,2025-12-07T07:46:28.787149
11-Sep-25,9aside,Wetaskiwin,23,Wainwright,50,www.footballalberta.ab.ca,2025-12-07T07:46:28.860662
11-Sep-25,9aside,Millwood Christian,21,Ponoka,37,www.footballalberta.ab.ca,2025-12-07T07:46:28.897662
11-Sep-25,9aside,High Prairie,12,Peace River,41,www.footballalberta.ab.ca,2025-12-07T07:46:28.935177
11-Sep-25,CEN,Iron Ridge,6,Stettler,34,www.footballalberta.ab.ca,2025-12-07T07:46:28.974177
11-Sep-25,CEN,Lacombe,38,Lindsay Thurber,3,www.footballalberta.ab.ca,2025-12-07T07:46:29.012181
11-Sep-25,CGY,Joane Cardinal-Schubert,31,St. Mary's,17,www.footballalberta.ab.ca,2025-12-07T07:46:29.050692
11-Sep-25,CGY,Henry Wise Wood,1,All Saints,16,www.footballalberta.ab.ca,2025-12-07T07:46:29.095009
11-Sep-25,CGY,Dr. E. P. Scarlett,11,Bishop McNally,0,www.footballalberta.ab.ca,2025-12-07T07:46:29.137629
11-Sep-25,CGY,Centennial,0,St. Francis,35,www.footballalberta.ab.ca,2025-12-07T07:46:29.183628
11-Sep-25,CGY,Notre Dame (CGY),27,Lord Beaverbrook,7,www.footballalberta.ab.ca,2025-12-07T07:46:29.224703
11-Sep-25,CGY,Bowness,6,Ernest Manning,31,www.footballalberta.ab.ca,2025-12-07T07:46:29.265281
11-Sep-25,ED2,Sturgeon,41,Strathcona,16,www.footballalberta.ab.ca,2025-12-07T07:46:29.307284
11-Sep-25,ED2,Beaumont,35,St. Francis Xavier,14,www.footballalberta.ab.ca,2025-12-07T07:46:29.345793
11-Sep-25,ED2,Lillian Osborne,3,Archbishop Jordan,57,www.footballalberta.ab.ca,2025-12-07T07:46:29.386793
11-Sep-25,ED3,Ardrossan,17,Leduc,3,www.footballalberta.ab.ca,2025-12-07T07:46:29.424309
12-Sep-25,9aside,Valleyview,52,Whitecourt,6,www.footballalberta.ab.ca,2025-12-07T07:46:29.464310
12-Sep-25,BSK,Drumheller,47,Canmore,28,www.footballalberta.ab.ca,2025-12-07T07:46:29.507313
12-Sep-25,BSK(EX),Olds,8,Willow Creek,16,www.footballalberta.ab.ca,2025-12-07T07:46:29.547823
12-Sep-25,CEN,Notre Dame (RD),7,Sylvan Lake,0,www.footballalberta.ab.ca,2025-12-07T07:46:29.588823
12-Sep-25,CEN,Camrose,0,Hunting Hills,23,www.footballalberta.ab.ca,2025-12-07T07:46:29.629338
12-Sep-25,CGY,Forest Lawn,14,Sir Winston Churchill,28,www.footballalberta.ab.ca,2025-12-07T07:46:29.667340
12-Sep-25,CGY,Crescent Heights (CGY),14,Central Memorial,33,www.footballalberta.ab.ca,2025-12-07T07:46:29.708342
12-Sep-25,CGY,Our Lady of the Rockies,0,Bishop Carroll,21,www.footballalberta.ab.ca,2025-12-07T07:46:29.746852
12-Sep-25,CGY,Father Lacombe,36,Lester B. Pearson,18,www.footballalberta.ab.ca,2025-12-07T07:46:29.788852
12-Sep-25,CGY,Robert Thirsk,0,Western Canada,21,www.footballalberta.ab.ca,2025-12-07T07:46:29.829367
12-Sep-25,CGY(EX),North Trail,6,Bert Church,36,www.footballalberta.ab.ca,2025-12-07T07:46:29.868368
12-Sep-25,ED1,Austin O'Brien,16,Ross Sheppard,23,www.footballalberta.ab.ca,2025-12-07T07:46:29.907371
12-Sep-25,ED1,Bev Facey,7,Harry Ainlay,40,www.footballalberta.ab.ca,2025-12-07T07:46:29.945879
12-Sep-25,ED1,Spruce Grove,19,Salisbury,36,www.footballalberta.ab.ca,2025-12-07T07:46:29.986880
12-Sep-25,ED2,Bellerose,46,M.E. LaZerte,0,www.footballalberta.ab.ca,2025-12-07T07:46:30.028394
12-Sep-25,ED2,Paul Kane,22,Archbishop O'Leary,1,www.footballalberta.ab.ca,2025-12-07T07:46:30.068395
12-Sep-25,ED3,Queen Elizabeth,0,McNally,42,www.footballalberta.ab.ca,2025-12-07T07:46:30.106399
12-Sep-25,ED3,St. Joseph,13,St. Albert,26,www.footballalberta.ab.ca,2025-12-07T07:46:30.147909
12-Sep-25,IND,Foothills,0,Holy Rosary,43,www.footballalberta.ab.ca,2025-12-07T07:46:30.188909
12-Sep-25,MPE,Fort McMurray,12,Grande Prairie,48,www.footballalberta.ab.ca,2025-12-07T07:46:30.226425
12-Sep-25,MPE,Sexsmith,DNP,Peace Wapiti,DNP,www.footballalberta.ab.ca,2025-12-07T07:46:30.264425
12-Sep-25,PSK,L.C.I.,44,Medicine Hat,0,www.footballalberta.ab.ca,2025-12-07T07:46:30.302427
12-Sep-25,PSK,Cardston,14,Chinook,21,www.footballalberta.ab.ca,2025-12-07T07:46:30.340940
12-Sep-25,PSK(EX),Raymond,50,Holy Trinity Academy,14,www.footballalberta.ab.ca,2025-12-07T07:46:30.382940
12-Sep-25,RKV,Chestermere,7,George McDougall,31,www.footballalberta.ab.ca,2025-12-07T07:46:30.420096
12-Sep-25,RKV,W.H. Croxford,6,Cochrane,38,www.footballalberta.ab.ca,2025-12-07T07:46:30.458096
12-Sep-25,SOU,Crescent Heights (MH),27,Brooks,13,www.footballalberta.ab.ca,2025-12-07T07:46:30.495096
12-Sep-25,SOU(EX),McCoy,18,Catholic Central,25,www.footballalberta.ab.ca,2025-12-07T07:46:30.533610
13-Sep-25,6aside1,Hinton,54,Holy Redeemer,22,www.footballalberta.ab.ca,2025-12-07T07:46:30.573611
13-Sep-25,6aside1,Breton,86,Rimbey,65,www.footballalberta.ab.ca,2025-12-07T07:46:30.612614
13-Sep-25,6aside1,Rocky Mountain House,20,J.C Charyk,68,www.footballalberta.ab.ca,2025-12-07T07:46:30.653123
13-Sep-25,6aside2,Roland Mitchener,,St. Carlo Acutis,,www.footballalberta.ab.ca,2025-12-07T07:46:30.696123
13-Sep-25,6aside2,J.R. Robson,14,Westlock,51,www.footballalberta.ab.ca,2025-12-07T07:46:30.742642
13-Sep-25,6aside2,Notre Dame (JV),45,HTA - Drayton Valley,37,www.footballalberta.ab.ca,2025-12-07T07:46:30.790644
13-Sep-25,9aside,Coaldale,0,Carstairs,30,www.footballalberta.ab.ca,2025-12-07T07:46:30.837153
13-Sep-25,ED1(EX),Jasper Place,20,St. Joseph's,30,www.footballalberta.ab.ca,2025-12-07T07:46:30.882153
13-Sep-25,IND,Strathmore,44,W.R. Myers,51,www.footballalberta.ab.ca,2025-12-07T07:46:30.926429
13-Sep-25,RKV,Springbank,15,Bow Valley,10,www.footballalberta.ab.ca,2025-12-07T07:46:30.968429
17-Sep-25,IND,Holy Trinity Academy JV,14,St. Paul,41,www.footballalberta.ab.ca,2025-12-07T07:46:31.059714
17-Sep-25,9aside(EX),St. Joseph's JV,19,Sexsmith,23,www.footballalberta.ab.ca,2025-12-07T07:46:31.105718
18-Sep-25,9aside,Frank Maddock,39,High Prairie,0,www.footballalberta.ab.ca,2025-12-07T07:46:31.150229
18-Sep-25,BSK,Highwood,0,Olds,45,www.footballalberta.ab.ca,2025-12-07T07:46:31.198230
18-Sep-25,CGY,Lester B. Pearson,0,John G. Diefenbaker,37,www.footballalberta.ab.ca,2025-12-07T07:46:31.249752
18-Sep-25,CGY,Bishop O'Byrne,15,Our Lady of the Rockies,19,www.footballalberta.ab.ca,2025-12-07T07:46:31.295752
18-Sep-25,CGY,Bishop McNally,35,Father Lacombe,7,www.footballalberta.ab.ca,2025-12-07T07:46:31.343980
18-Sep-25,CGY,North Trail,34,Forest Lawn,0,www.footballalberta.ab.ca,2025-12-07T07:46:31.388651
18-Sep-25,CGY,Sir Winston Churchill,21,Nelson Mandela,0,www.footballalberta.ab.ca,2025-12-07T07:46:31.435776
18-Sep-25,ED2,Archbishop O'Leary,0,Bellerose,24,www.footballalberta.ab.ca,2025-12-07T07:46:31.476776
18-Sep-25,ED2,Sturgeon,14,Paul Kane,21,www.footballalberta.ab.ca,2025-12-07T07:46:31.519833
18-Sep-25,ED3,McNally,35,Fort Saskatchewan,6,www.footballalberta.ab.ca,2025-12-07T07:46:31.565838
18-Sep-25,ED3,St. Albert,14,Ardrossan,24,www.footballalberta.ab.ca,2025-12-07T07:46:31.613844
18-Sep-25,RKV,Bert Church,41,Chestermere,3,www.footballalberta.ab.ca,2025-12-07T07:46:31.657356
19-Sep-25,9aside,Whitecourt,7,Peace River,52,www.footballalberta.ab.ca,2025-12-07T07:46:31.702356
19-Sep-25,9aside,Bonnyville,59,Wetaskiwin,21,www.footballalberta.ab.ca,2025-12-07T07:46:31.749871
19-Sep-25,9aside,Millwood Christian,32,Wainwright,28,www.footballalberta.ab.ca,2025-12-07T07:46:31.796871
19-Sep-25,CEN,Stettler,14,Lacombe,33,www.footballalberta.ab.ca,2025-12-07T07:46:31.843391
19-Sep-25,CEN,Sylvan Lake,0,Hunting Hills,35,www.footballalberta.ab.ca,2025-12-07T07:46:31.891386
19-Sep-25,CEN,Notre Dame (RD),63,Lindsay Thurber,0,www.footballalberta.ab.ca,2025-12-07T07:46:31.936903
19-Sep-25,CEN,Camrose,48,Iron Ridge,7,www.footballalberta.ab.ca,2025-12-07T07:46:31.978903
19-Sep-25,CGY,Bowness,21,All Saints,0,www.footballalberta.ab.ca,2025-12-07T07:46:32.018908
19-Sep-25,CGY,Centennial,14,Notre Dame (CGY),38,www.footballalberta.ab.ca,2025-12-07T07:46:32.057420
19-Sep-25,CGY,St. Francis,28,Lord Beaverbrook,14,www.footballalberta.ab.ca,2025-12-07T07:46:32.096419
19-Sep-25,CGY,Crescent Heights (CGY),12,William Aberhart,41,www.footballalberta.ab.ca,2025-12-07T07:46:32.133931
19-Sep-25,CGY,Henry Wise Wood,26,Joane Cardinal-Schubert,30,www.footballalberta.ab.ca,2025-12-07T07:46:32.172931
19-Sep-25,CGY(EX),Ernest Manning,24,L.C.I.,19,www.footballalberta.ab.ca,2025-12-07T07:46:32.212935
19-Sep-25,ED1,Salisbury,10,Harry Ainlay,20,www.footballalberta.ab.ca,2025-12-07T07:46:32.250446
19-Sep-25,ED1,Spruce Grove,13,Austin O'Brien,20,www.footballalberta.ab.ca,2025-12-07T07:46:32.288447
19-Sep-25,ED1,Jasper Place,21,Bev Facey,8,www.footballalberta.ab.ca,2025-12-07T07:46:32.326960
19-Sep-25,ED2,Archbishop Jordan,26,Beaumont,24,www.footballalberta.ab.ca,2025-12-07T07:46:32.364960
19-Sep-25,ED2,St. Francis Xavier,28,Strathcona,28,www.footballalberta.ab.ca,2025-12-07T07:46:32.408965
19-Sep-25,ED3,Leduc,22,St. Joseph,7,www.footballalberta.ab.ca,2025-12-07T07:46:32.449476
20-Sep-25,IND,Foothills,36,Drumheller,14,www.footballalberta.ab.ca,2025-12-07T07:46:32.493476
19-Sep-25,MPE,Peace Wapiti,13,Grande Prairie,11,www.footballalberta.ab.ca,2025-12-07T07:46:32.534990
19-Sep-25,PSK,Catholic Central,36,Medicine Hat,16,www.footballalberta.ab.ca,2025-12-07T07:46:32.573989
19-Sep-25,PSK(EX),Cardston,42,Willow Creek,12,www.footballalberta.ab.ca,2025-12-07T07:46:32.611993
19-Sep-25,RKV,Cochrane,38,Springbank,7,www.footballalberta.ab.ca,2025-12-07T07:46:32.649506
18-Sep-25,RKV(EX),George McDougall,17,Raymond,63,www.footballalberta.ab.ca,2025-12-07T07:46:32.689506
19-Sep-25,SOU,Winston Churchill,12,Crescent Heights (MH),23,www.footballalberta.ab.ca,2025-12-07T07:46:32.733024
19-Sep-25,SOU,Brooks,8,W.R. Myers,44,www.footballalberta.ab.ca,2025-12-07T07:46:32.776023
20-Sep-25,6aside1,J.C. Charyk,47,Hinton,46,www.footballalberta.ab.ca,2025-12-07T07:46:32.821542
20-Sep-25,6aside1,Rimbey,22,Rocky Mountain House,14,www.footballalberta.ab.ca,2025-12-07T07:46:32.860541
20-Sep-25,6aside1,Holy Redeemer,24,Breton,52,www.footballalberta.ab.ca,2025-12-07T07:46:32.897541
20-Sep-25,6aside2,St. Carlo Acutis,57,HTA - Drayton Valley,0,www.footballalberta.ab.ca,2025-12-07T07:46:32.934056
20-Sep-25,6aside2,Notre Dame (JV),45,Parkland,42,www.footballalberta.ab.ca,2025-12-07T07:46:32.973056
20-Sep-25,6aside2,Roland Mitchener,31,J.R. Robson,41,www.footballalberta.ab.ca,2025-12-07T07:46:33.013063
20-Sep-25,9aside,Pincher Creek,6,Carstairs,46,www.footballalberta.ab.ca,2025-12-07T07:46:33.053572
20-Sep-25,RKV,W.H. Croxford,41,Bow Valley,14,www.footballalberta.ab.ca,2025-12-07T07:46:33.092573
20-Sep-25,MPE(EX),Fort McMurray,28,Prince George (BC),20,www.footballalberta.ab.ca,2025-12-07T07:46:33.130094
20-Sep-25,WHE(EX),Holy Rosary,21,St. Joseph's,0,www.footballalberta.ab.ca,2025-12-07T07:46:33.174095
20-Sep-25,WHE(EX),Cold Lake,21,McCoy,14,www.footballalberta.ab.ca,2025-12-07T07:46:33.222396
25-Sep-25,BSK(EX),Olds,10,Holy Rosary,37,www.footballalberta.ab.ca,2025-12-07T07:46:33.311399
25-Sep-25,CGY,Western Canada,0,Our Lady of the Rockies,1,www.footballalberta.ab.ca,2025-12-07T07:46:33.351913
25-Sep-25,CGY,St. Francis,33,All Saints,3,www.footballalberta.ab.ca,2025-12-07T07:46:33.394911
25-Sep-25,CGY,William Aberhart,3,Notre Dame (CGY),37,www.footballalberta.ab.ca,2025-12-07T07:46:33.435430
25-Sep-25,CGY,Ernest Manning,34,Henry Wise Wood,3,www.footballalberta.ab.ca,2025-12-07T07:46:33.474431
25-Sep-25,CGY,Central Memorial,31,Bishop O'Byrne,31,www.footballalberta.ab.ca,2025-12-07T07:46:33.513434
26-Sep-25,CGY,Crescent Heights (CGY),0,Bishop Carroll,37,www.footballalberta.ab.ca,2025-12-07T07:46:33.558623
25-Sep-25,ED2,Archbishop O'Leary,0,M.E. LaZerte,10,www.footballalberta.ab.ca,2025-12-07T07:46:33.601163
25-Sep-25,ED2,Bellerose,24,Sturgeon,17,www.footballalberta.ab.ca,2025-12-07T07:46:33.640677
25-Sep-25,ED2,Paul Kane,17,Beaumont,0,www.footballalberta.ab.ca,2025-12-07T07:46:33.682240
25-Sep-25,ED2,Archbishop Jordan,60,St. Francis Xavier,8,www.footballalberta.ab.ca,2025-12-07T07:46:33.727317
25-Sep-25,ED2,Lillian Osborne,0,Strathcona,36,www.footballalberta.ab.ca,2025-12-07T07:46:33.767317
25-Sep-25,ED3,Fort Saskatchewan,25,St. Joseph,6,www.footballalberta.ab.ca,2025-12-07T07:46:33.802317
26-Sep-25,9aside,Valleyview,44,High Prairie,20,www.footballalberta.ab.ca,2025-12-07T07:46:33.841838
26-Sep-25,BSK,Highwood,20,Drumheller,28,www.footballalberta.ab.ca,2025-12-07T07:46:33.878838
26-Sep-25,BSK(EX),Canmore,21,Strathmore,42,www.footballalberta.ab.ca,2025-12-07T07:46:33.916844
26-Sep-25,CEN,Sylvan Lake,26,Camrose,15,www.footballalberta.ab.ca,2025-12-07T07:46:33.954934
26-Sep-25,CEN,Hunting Hills,35,Lindsay Thurber,3,www.footballalberta.ab.ca,2025-12-07T07:46:33.991930
26-Sep-25,CEN,Iron Ridge,0,Lacombe,40,www.footballalberta.ab.ca,2025-12-07T07:46:34.033272
26-Sep-25,CGY,Bowness,17,Centennial,8,www.footballalberta.ab.ca,2025-12-07T07:46:34.074272
26-Sep-25,CGY,North Trail,12,John G. Diefenbaker,9,www.footballalberta.ab.ca,2025-12-07T07:46:34.114275
26-Sep-25,CGY,Bishop McNally,40,Sir Winston Churchill,0,www.footballalberta.ab.ca,2025-12-07T07:46:34.153784
26-Sep-25,CGY,Father Lacombe,21,Nelson Mandela,0,www.footballalberta.ab.ca,2025-12-07T07:46:34.193785
26-Sep-25,CGY,St. Mary's,35,Robert Thirsk,3,www.footballalberta.ab.ca,2025-12-07T07:46:34.235299
26-Sep-25,CGY,Lester B. Pearson,25,Forest Lawn,20,www.footballalberta.ab.ca,2025-12-07T07:46:34.276299
26-Sep-25,ED1,Harry Ainlay,29,Ross Sheppard,0,www.footballalberta.ab.ca,2025-12-07T07:46:34.314303
26-Sep-25,ED1,Bev Facey,0,Salisbury,52,www.footballalberta.ab.ca,2025-12-07T07:46:34.353813
26-Sep-25,ED1,Austin O'Brien,16,Jasper Place,8,www.footballalberta.ab.ca,2025-12-07T07:46:34.393812
26-Sep-25,ED1(EX),Spruce Grove,32,Notre Dame (RD),59,www.footballalberta.ab.ca,2025-12-07T07:46:34.434328
26-Sep-25,ED3,Queen Elizabeth,0,Ardrossan,64,www.footballalberta.ab.ca,2025-12-07T07:46:34.473329
26-Sep-25,ED3,St. Albert,15,McNally,14,www.footballalberta.ab.ca,2025-12-07T07:46:34.513332
26-Sep-25,IND,Holy Trinity Academy,16,L.C.I.,21,www.footballalberta.ab.ca,2025-12-07T07:46:34.553842
26-Sep-25,9aside(EX),Whitecourt,13,Sexsmith,58,www.footballalberta.ab.ca,2025-12-07T07:46:34.593842
26-Sep-25,ZONE 8,St. Joseph's,41,Peace Wapiti,0,www.footballalberta.ab.ca,2025-12-07T07:46:34.633321
26-Sep-25,PSK,Chinook,29,Catholic Central,30,www.footballalberta.ab.ca,2025-12-07T07:46:34.672321
26-Sep-25,PSK,Raymond,56,Cardston,7,www.footballalberta.ab.ca,2025-12-07T07:46:34.713327
26-Sep-25,PSK(EX),Medicine Hat,62,Foothills,2,www.footballalberta.ab.ca,2025-12-07T07:46:34.751839
26-Sep-25,RKV,Chestermere,14,W.H. Croxford,28,www.footballalberta.ab.ca,2025-12-07T07:46:34.789839
26-Sep-25,RKV,Springbank,6,George McDougall,19,www.footballalberta.ab.ca,2025-12-07T07:46:34.828115
26-Sep-25,SOU,Winston Churchill,13,W.R. Myers,32,www.footballalberta.ab.ca,2025-12-07T07:46:34.865116
26-Sep-25,SOU,McCoy,27,Brooks,9,www.footballalberta.ab.ca,2025-12-07T07:46:34.903114
26-Sep-25,SOU,Willow Creek,35,Crescent Heights (MH),16,www.footballalberta.ab.ca,2025-12-07T07:46:34.946470
27-Sep-25,MPE(EX),Fort McMurray,6,Cold Lake,50,www.footballalberta.ab.ca,2025-12-07T07:46:34.995470
27-Sep-25,6aside1,J.C. Charyk,68,Breton,86,www.footballalberta.ab.ca,2025-12-07T07:46:35.042991
27-Sep-25,6aside1,Holy Redeemer,29,Rimbey,41,www.footballalberta.ab.ca,2025-12-07T07:46:35.089990
27-Sep-25,6aside2,HTA - Drayton Valley,,Westlock,,www.footballalberta.ab.ca,2025-12-07T07:46:35.137060
27-Sep-25,6aside2,Parkland,16,St. Carlo Acutis,86,www.footballalberta.ab.ca,2025-12-07T07:46:35.183059
27-Sep-25,6aside2,Roland Mitchener,14,Notre Dame (JV),44,www.footballalberta.ab.ca,2025-12-07T07:46:35.224388
27-Sep-25,9aside,Peace River,50,Frank Maddock,0,www.footballalberta.ab.ca,2025-12-07T07:46:35.269388
27-Sep-25,9aside,Wainwright,48,Ponoka,46,www.footballalberta.ab.ca,2025-12-07T07:46:35.313395
27-Sep-25,9aside,Bonnyville,41,Millwoods Christian,14,www.footballalberta.ab.ca,2025-12-07T07:46:35.356909
27-Sep-25,9aside,Coaldale,30,Pincher Creek,32,www.footballalberta.ab.ca,2025-12-07T07:46:35.398910
27-Sep-25,9aside,Carstairs,61,Wetaskiwin,15,www.footballalberta.ab.ca,2025-12-07T07:46:35.438426
27-Sep-25,RKV,Bow Valley,11,Bert Church,31,www.footballalberta.ab.ca,2025-12-07T07:46:35.476425
02-Oct-25,9aside,High Prairie,45,Whitecourt,6,www.footballalberta.ab.ca,2025-12-07T07:46:35.551941
02-Oct-25,9aside,Carstairs,DNP,Pincher Creek,DNP,www.footballalberta.ab.ca,2025-12-07T07:46:35.594938
02-Oct-25,CEN,Camrose,9,Lacombe,52,www.footballalberta.ab.ca,2025-12-07T07:46:35.637984
02-Oct-25,CEN,Lindsay Thurber,0,Sylvan Lake,56,www.footballalberta.ab.ca,2025-12-07T07:46:35.681986
02-Oct-25,CGY,John G. Diefenbaker,45,Father Lacombe,12,www.footballalberta.ab.ca,2025-12-07T07:46:35.725106
02-Oct-25,CGY,Forest Lawn,20,Bishop McNally,48,www.footballalberta.ab.ca,2025-12-07T07:46:35.769104
02-Oct-25,CGY,St. Mary's,7,Our Lady of the Rockies,30,www.footballalberta.ab.ca,2025-12-07T07:46:35.816253
02-Oct-25,CGY,Dr. E. P. Scarlett,,Central Memorial,,www.footballalberta.ab.ca,2025-12-07T07:46:35.856138
02-Oct-25,CGY,Nelson Mandela,0,Lester B. Pearson,21,www.footballalberta.ab.ca,2025-12-07T07:46:35.895136
02-Oct-25,CGY,North Trail,27,Sir Winston Churchill,24,www.footballalberta.ab.ca,2025-12-07T07:46:35.932229
02-Oct-25,ED2,Archbishop Jordan,50,Archbishop O'Leary,0,www.footballalberta.ab.ca,2025-12-07T07:46:35.975835
02-Oct-25,ED2,Strathcona,23,Beaumont,7,www.footballalberta.ab.ca,2025-12-07T07:46:36.017841
02-Oct-25,ED2,St. Francis Xavier,22,Lillian Osborne,12,www.footballalberta.ab.ca,2025-12-07T07:46:36.065353
02-Oct-25,ED3,Leduc,1,Fort Saskatchewan,25,www.footballalberta.ab.ca,2025-12-07T07:46:36.109358
02-Oct-25,ED3,Ardrossan,28,McNally,14,www.footballalberta.ab.ca,2025-12-07T07:46:36.154706
03-Oct-25,9aside,Frank Maddock,7,Valleyview,20,www.footballalberta.ab.ca,2025-12-07T07:46:36.203706
03-Oct-25,9aside,Wainwright,17,Bonnyville,31,www.footballalberta.ab.ca,2025-12-07T07:46:36.250221
03-Oct-25,9aside(EX),Millwood Christian,0,Peace River,56,www.footballalberta.ab.ca,2025-12-07T07:46:36.299222
03-Oct-25,BSK,Olds,55,Canmore,22,www.footballalberta.ab.ca,2025-12-07T07:46:36.342737
03-Oct-25,BSK(EX),Drumheller,18,Brooks,16,www.footballalberta.ab.ca,2025-12-07T07:46:36.384737
03-Oct-25,CEN,Stettler,20,Hunting Hills,39,www.footballalberta.ab.ca,2025-12-07T07:46:36.428251
03-Oct-25,CEN,Iron Ridge,0,Notre Dame (RD),66,www.footballalberta.ab.ca,2025-12-07T07:46:36.469252
03-Oct-25,CGY,Joane Cardinal-Schubert,42,Robert Thirsk,7,www.footballalberta.ab.ca,2025-12-07T07:46:36.519255
03-Oct-25,CGY,All Saints,0,Bishop Carroll,22,www.footballalberta.ab.ca,2025-12-07T07:46:36.562768
03-Oct-25,CGY,St. Francis,0,Ernest Manning,32,www.footballalberta.ab.ca,2025-12-07T07:46:36.606777
03-Oct-25,CGY,Lord Beaverbrook,0,William Aberhart,40,www.footballalberta.ab.ca,2025-12-07T07:46:36.648283
03-Oct-25,CGY,Centennial,24,Western Canada,19,www.footballalberta.ab.ca,2025-12-07T07:46:36.690285
03-Oct-25,CGY,Bishop O'Byrne,33,Crescent Heights (CGY),10,www.footballalberta.ab.ca,2025-12-07T07:46:36.733799
03-Oct-25,ED1,Austin O'Brien,19,Bev Facey,22,www.footballalberta.ab.ca,2025-12-07T07:46:36.771799
03-Oct-25,ED1,Spruce Grove,6,Harry Ainlay,35,www.footballalberta.ab.ca,2025-12-07T07:46:36.810803
03-Oct-25,ED1,Jasper Place,7,Ross Sheppard,3,www.footballalberta.ab.ca,2025-12-07T07:46:36.847311
03-Oct-25,ED2,M.E. LaZerte,0,Sturgeon,44,www.footballalberta.ab.ca,2025-12-07T07:46:36.884312
03-Oct-25,ED2,Paul Kane,0,Bellerose,29,www.footballalberta.ab.ca,2025-12-07T07:46:36.922361
03-Oct-25,ED3,St. Albert,70,Queen Elizabeth,0,www.footballalberta.ab.ca,2025-12-07T07:46:36.962361
03-Oct-25,IND,Strathmore,14,McCoy,20,www.footballalberta.ab.ca,2025-12-07T07:46:37.005360
03-Oct-25,MPE,Grande Prairie,21,Peace Wapiti,16,www.footballalberta.ab.ca,2025-12-07T07:46:37.049419
03-Oct-25,PSK,Catholic Central,0,L.C.I.,54,www.footballalberta.ab.ca,2025-12-07T07:46:37.092417
03-Oct-25,PSK,Chinook,9,Raymond,56,www.footballalberta.ab.ca,2025-12-07T07:46:37.135936
03-Oct-25,PSK,Medicine Hat,24,Cardston,24,www.footballalberta.ab.ca,2025-12-07T07:46:37.177938
03-Oct-25,RKV,Cochrane,42,Bow Valley,0,www.footballalberta.ab.ca,2025-12-07T07:46:37.219942
03-Oct-25,SOU,Willow Creek,35,Winston Churchill,0,www.footballalberta.ab.ca,2025-12-07T07:46:37.263455
03-Oct-25,SOU,Crescent Heights (MH),28,W.R. Myers,21,www.footballalberta.ab.ca,2025-12-07T07:46:37.305453
03-Oct-25,WHE,St. Paul,81,Cold Lake,19,www.footballalberta.ab.ca,2025-12-07T07:46:37.348972
03-Oct-25,WHE(EX),Holy Rosary,DNP,Fort McMurray,DNP,www.footballalberta.ab.ca,2025-12-07T07:46:37.389971
04-Oct-25,6aside1,Hinton,42,Rimbey,37,www.footballalberta.ab.ca,2025-12-07T07:46:37.427484
04-Oct-25,6aside1,Holy Redeemer,21,J.C Charyk,22,www.footballalberta.ab.ca,2025-12-07T07:46:37.470486
04-Oct-25,6aside1,Breton,28,Rocky Mountain House,42,www.footballalberta.ab.ca,2025-12-07T07:46:37.517491
04-Oct-25,6aside2,St. Carlo Acutis,70,J.R. Robson,1,www.footballalberta.ab.ca,2025-12-07T07:46:37.567003
04-Oct-25,6aside2,Westlock,48,Notre Dame (JV),13,www.footballalberta.ab.ca,2025-12-07T07:46:37.620006
04-Oct-25,6aside2,HTA - Drayton Valley,59,Parkland,53,www.footballalberta.ab.ca,2025-12-07T07:46:37.665517
04-Oct-25,9aside,Ponoka,47,Wetaskiwin,8,www.footballalberta.ab.ca,2025-12-07T07:46:37.710522
04-Oct-25,IND,Holy Trinity Academy,19,Salisbury,15,www.footballalberta.ab.ca,2025-12-07T07:46:37.758556
04-Oct-25,RKV,W.H. Croxford,47,Springbank,7,www.footballalberta.ab.ca,2025-12-07T07:46:37.808557
04-Oct-25,RKV,George McDougall,26,Bert Church,8,www.footballalberta.ab.ca,2025-12-07T07:46:37.850068
07-Oct-25,9aside(EX),Sexsmith,,TBA,,www.footballalberta.ab.ca,2025-12-07T07:46:37.936583
07-Oct-25,9aside,West Central,,Hinton,,www.footballalberta.ab.ca,2025-12-07T07:46:37.980582
09-Oct-25,9aside,Peace River,,Valleyview,,www.footballalberta.ab.ca,2025-12-07T07:46:38.028225
09-Oct-25,9aside,Whitecourt,,Frank Maddock,,www.footballalberta.ab.ca,2025-12-07T07:46:38.077084
09-Oct-25,CEN,Sylvan Lake,,Stettler,,www.footballalberta.ab.ca,2025-12-07T07:46:38.121601
09-Oct-25,CEN,Lacombe,,Notre Dame (RD),,www.footballalberta.ab.ca,2025-12-07T07:46:38.165193
09-Oct-25,CEN,Camrose,,Lindsay Thurber,,www.footballalberta.ab.ca,2025-12-07T07:46:38.210799
09-Oct-25,CGY,Lester B. Pearson,,Bishop O'Byrne,,www.footballalberta.ab.ca,2025-12-07T07:46:38.252312
09-Oct-25,CGY,Henry Wise Wood,,Lord Beaverbrook,,www.footballalberta.ab.ca,2025-12-07T07:46:38.294310
09-Oct-25,CGY,Ernest Manning,,All Saints,,www.footballalberta.ab.ca,2025-12-07T07:46:38.338827
09-Oct-25,CGY,Bowness,,Bishop Carroll,,www.footballalberta.ab.ca,2025-12-07T07:46:38.382825
09-Oct-25,CGY,William Aberhart,,Centennial,,www.footballalberta.ab.ca,2025-12-07T07:46:38.433267
09-Oct-25,CGY,St. Francis,,Notre Dame (CGY),,www.footballalberta.ab.ca,2025-12-07T07:46:38.479267
09-Oct-25,ED1,Ross Sheppard,,Salisbury,,www.footballalberta.ab.ca,2025-12-07T07:46:38.523780
09-Oct-25,ED1,Bev Facey,,Spruce Grove,,www.footballalberta.ab.ca,2025-12-07T07:46:38.565782
09-Oct-25,ED1,Harry Ainlay,,Jasper Place,,www.footballalberta.ab.ca,2025-12-07T07:46:38.608789
09-Oct-25,ED2,Beaumont,,Lillian Osborne,,www.footballalberta.ab.ca,2025-12-07T07:46:38.652301
09-Oct-25,ED2,Strathcona,,Archbishop Jordan,,www.footballalberta.ab.ca,2025-12-07T07:46:38.695301
09-Oct-25,ED2,St. Francis Xavier,,Bellerose,,www.footballalberta.ab.ca,2025-12-07T07:46:38.738816
09-Oct-25,ED3,Ardrossan,,Fort Saskatchewan,,www.footballalberta.ab.ca,2025-12-07T07:46:38.782816
09-Oct-25,ED3,St. Joseph,,Queen Elizabeth,,www.footballalberta.ab.ca,2025-12-07T07:46:38.823333
09-Oct-25,IND,Strathmore,,Brooks,,www.footballalberta.ab.ca,2025-12-07T07:46:38.867334
09-Oct-25,MPE(EX),St. Joseph's,,Grande Prairie,,www.footballalberta.ab.ca,2025-12-07T07:46:38.910337
09-Oct-25,PSK,Medicine Hat,,Chinook,,www.footballalberta.ab.ca,2025-12-07T07:46:38.955847
09-Oct-25,PSK,Catholic Central,,Raymond,,www.footballalberta.ab.ca,2025-12-07T07:46:38.999845
09-Oct-25,RKV,Bert Church,,W.H. Croxford,,www.footballalberta.ab.ca,2025-12-07T07:46:39.042876
09-Oct-25,SOU,W.R. Myers,,Willow Creek,,www.footballalberta.ab.ca,2025-12-07T07:46:39.085877
09-Oct-25,SOU,McCoy,,Winston Churchill,,www.footballalberta.ab.ca,2025-12-07T07:46:39.125391
09-Oct-25,WHE,Cold Lake,,Holy Rosary,,www.footballalberta.ab.ca,2025-12-07T07:46:39.164391
10-Oct-25,9aside,Ponoka,,Bonnyville,,www.footballalberta.ab.ca,2025-12-07T07:46:39.204391
10-Oct-25,9aside,Wetaskiwin,,Millwoods Christian,,www.footballalberta.ab.ca,2025-12-07T07:46:39.245908
10-Oct-25,9aside,Pincher Creek,,Coaldale,,www.footballalberta.ab.ca,2025-12-07T07:46:39.289908
10-Oct-25,CEN,Hunting Hills,,Iron Ridge,,www.footballalberta.ab.ca,2025-12-07T07:46:39.333421
10-Oct-25,CGY,St. Mary's,,North Trail,,www.footballalberta.ab.ca,2025-12-07T07:46:39.378424
10-Oct-25,CGY,Central Memorial,,Sir Winston Churchill,,www.footballalberta.ab.ca,2025-12-07T07:46:39.421933
10-Oct-25,CGY,Dr. E. P. Scarlett,,Father Lacombe,,www.footballalberta.ab.ca,2025-12-07T07:46:39.466939
10-Oct-25,CGY,John G. Diefenbaker,,Forest Lawn,,www.footballalberta.ab.ca,2025-12-07T07:46:39.510949
10-Oct-25,CGY,Nelson Mandela,,Bishop McNally,,www.footballalberta.ab.ca,2025-12-07T07:46:39.551457
10-Oct-25,CGY,Western Canada,,Joane Cardinal-Schubert,,www.footballalberta.ab.ca,2025-12-07T07:46:39.591457
10-Oct-25,ED2,M.E. LaZerte,,Paul Kane,,www.footballalberta.ab.ca,2025-12-07T07:46:39.629971
10-Oct-25,ED2,Sturgeon,,Archbishop O'Leary,,www.footballalberta.ab.ca,2025-12-07T07:46:39.665971
10-Oct-25,ED3,McNally,,Leduc,,www.footballalberta.ab.ca,2025-12-07T07:46:39.705971
10-Oct-25,IND,Foothills,,Holy Trinity Academy,,www.footballalberta.ab.ca,2025-12-07T07:46:39.750227
10-Oct-25,RKV,Bow Valley,,Chestermere,,www.footballalberta.ab.ca,2025-12-07T07:46:39.795228
10-Oct-25,RKV,George McDougall,,Cochrane,,www.footballalberta.ab.ca,2025-12-07T07:46:39.840394
10-Oct-25,SOU(EX),Crescent Heights (MH),,Cardston,,www.footballalberta.ab.ca,2025-12-07T07:46:39.885394
11-Oct-25,6aside2,J.R. Robson,,Notre Dame (JV),,www.footballalberta.ab.ca,2025-12-07T07:46:39.928517
11-Oct-25,6aside2,HTA - Drayton Valley,,Roland Mitchener,,www.footballalberta.ab.ca,2025-12-07T07:46:39.972517
11-Oct-25,6aside2,Westlock,,Parkland,,www.footballalberta.ab.ca,2025-12-07T07:46:40.014522
15-Oct-25,CGY,Lord Beaverbrook,,Ernest Manning,,www.footballalberta.ab.ca,2025-12-07T07:46:40.092035
15-Oct-25,CGY,Centennial,,Henry Wise Wood,,www.footballalberta.ab.ca,2025-12-07T07:46:40.130545
15-Oct-25,CGY,Notre Dame (CGY),,All Saints,,www.footballalberta.ab.ca,2025-12-07T07:46:40.172545
15-Oct-25,CGY,Bowness,,William Aberhart,,www.footballalberta.ab.ca,2025-12-07T07:46:40.213549
16-Oct-25,CEN,Iron Ridge,,Sylvan Lake,,www.footballalberta.ab.ca,2025-12-07T07:46:40.259094
16-Oct-25,CEN,Lindsay Thurber,,Stettler,,www.footballalberta.ab.ca,2025-12-07T07:46:40.304489
16-Oct-25,CGY,Joane Cardinal-Schubert,,Bishop Carroll,,www.footballalberta.ab.ca,2025-12-07T07:46:40.344003
16-Oct-25,CGY,Robert Thirsk,,Our Lady of the Rockies,,www.footballalberta.ab.ca,2025-12-07T07:46:40.389569
16-Oct-25,CGY,Crescent Heights (CGY),,Western Canada,,www.footballalberta.ab.ca,2025-12-07T07:46:40.430660
16-Oct-25,CGY,Bishop O'Byrne,,St. Mary's,,www.footballalberta.ab.ca,2025-12-07T07:46:40.468661
16-Oct-25,ED2,North #1,,South #4,,www.footballalberta.ab.ca,2025-12-07T07:46:40.507661
16-Oct-25,ED3,Fort Saskatchewan,,St. Albert,,www.footballalberta.ab.ca,2025-12-07T07:46:40.547177
16-Oct-25,ED3,St. Joseph,,Ardrossan,,www.footballalberta.ab.ca,2025-12-07T07:46:40.588176
16-Oct-25,PSK,L.C.I.,,Chinook,,www.footballalberta.ab.ca,2025-12-07T07:46:40.627689
16-Oct-25,SOU,Winston Churchill,,Brooks,,www.footballalberta.ab.ca,2025-12-07T07:46:40.664689
17-Oct-25,9aside,Peace Division #4,,Peace Division #5,,www.footballalberta.ab.ca,2025-12-07T07:46:40.704690
17-Oct-25,9aside,Central Division #4,,Central Division #5,,www.footballalberta.ab.ca,2025-12-07T07:46:40.744020
17-Oct-25,9aside,Carstairs,,Coaldale,,www.footballalberta.ab.ca,2025-12-07T07:46:40.784021
17-Oct-25,BSK,#1,,#4,,www.footballalberta.ab.ca,2025-12-07T07:46:40.825534
17-Oct-25,BSK,#2,,#3,,www.footballalberta.ab.ca,2025-12-07T07:46:40.863534
17-Oct-25,CEN,Notre Dame (RD),,Camrose,,www.footballalberta.ab.ca,2025-12-07T07:46:40.906534
17-Oct-25,CEN,Hunting Hills,,Lacombe,,www.footballalberta.ab.ca,2025-12-07T07:46:40.945050
17-Oct-25,CGY,Forest Lawn,,Nelson Mandela,,www.footballalberta.ab.ca,2025-12-07T07:46:40.983049
17-Oct-25,CGY,Dr. E. P. Scarlett,,John G. Diefenbaker,,www.footballalberta.ab.ca,2025-12-07T07:46:41.021053
17-Oct-25,CGY,North Trail,,Lester B. Pearson,,www.footballalberta.ab.ca,2025-12-07T07:46:41.061563
17-Oct-25,CGY,Sir Winston Churchill,,Father Lacombe,,www.footballalberta.ab.ca,2025-12-07T07:46:41.099563
17-Oct-25,CGY,Bishop McNally,,Central Memorial,,www.footballalberta.ab.ca,2025-12-07T07:46:41.138079
17-Oct-25,ED1,Harry Ainlay,,Austin O'Brien,,www.footballalberta.ab.ca,2025-12-07T07:46:41.177078
17-Oct-25,ED1,Salisbury,,Jasper Place,,www.footballalberta.ab.ca,2025-12-07T07:46:41.216082
17-Oct-25,ED1,Ross Sheppard,,Spruce Grove,,www.footballalberta.ab.ca,2025-12-07T07:46:41.254591
17-Oct-25,ED2,North #2,,South #3,,www.footballalberta.ab.ca,2025-12-07T07:46:41.292591
17-Oct-25,ED2,South #1,,North #4,,www.footballalberta.ab.ca,2025-12-07T07:46:41.330106
17-Oct-25,ED2,South #2,,North #3,,www.footballalberta.ab.ca,2025-12-07T07:46:41.373106
17-Oct-25,ED3,Queen Elizabeth,,Leduc,,www.footballalberta.ab.ca,2025-12-07T07:46:41.415110
17-Oct-25,IND,Strathmore,,Foothills,,www.footballalberta.ab.ca,2025-12-07T07:46:41.454620
17-Oct-25,MPE,#1,,#4,,www.footballalberta.ab.ca,2025-12-07T07:46:41.495619
17-Oct-25,MPE,#2,,#4,,www.footballalberta.ab.ca,2025-12-07T07:46:41.532134
17-Oct-25,PSK,Raymond,,Medicine Hat,,www.footballalberta.ab.ca,2025-12-07T07:46:41.571135
17-Oct-25,PSK,Cardston,,Catholic Central,,www.footballalberta.ab.ca,2025-12-07T07:46:41.612139
17-Oct-25,RKV,#1 (A Division),,#4 (A Division),,www.footballalberta.ab.ca,2025-12-07T07:46:41.652648
17-Oct-25,RKV,#2 (A Division),,#3 (A Division),,www.footballalberta.ab.ca,2025-12-07T07:46:41.691649
17-Oct-25,RKV,#6 (B Division),,#7 (B Division),,www.footballalberta.ab.ca,2025-12-07T07:46:41.730162
17-Oct-25,SOU,McCoy,,W.R. Myers,,www.footballalberta.ab.ca,2025-12-07T07:46:41.768162
17-Oct-25,WHE,Holy Rosary,,St. Paul,,www.footballalberta.ab.ca,2025-12-07T07:46:41.806162
18-Oct-25,6aside1,Hinton,,Holy Redeemer,,www.footballalberta.ab.ca,2025-12-07T07:46:41.843674
18-Oct-25,6aside1,Rimbey,,Breton,,www.footballalberta.ab.ca,2025-12-07T07:46:41.881674
18-Oct-25,6aside1,J.C. Charyk,,Rocky Mountain House,,www.footballalberta.ab.ca,2025-12-07T07:46:41.920679
18-Oct-25,6aside2,Notre Dame (JV),,St. Carlo Acutis,,www.footballalberta.ab.ca,2025-12-07T07:46:41.960190
18-Oct-25,6aside2,Parkland,,J.R. Robson,,www.footballalberta.ab.ca,2025-12-07T07:46:41.997192
18-Oct-25,6aside2,Westlock,,Roland Mitchener,,www.footballalberta.ab.ca,2025-12-07T07:46:42.035702
18-Oct-25,IND,Holy Trinity Academy,,St. Joseph's,,www.footballalberta.ab.ca,2025-12-07T07:46:42.078702
22-Oct-25,CGY,Div. 1 #3,,Div. 1 #6,,www.footballalberta.ab.ca,2025-12-07T07:46:42.156219
22-Oct-25,CGY,Div. 1 #4,,Div. 1 #5,,www.footballalberta.ab.ca,2025-12-07T07:46:42.194220
22-Oct-25,CGY,Div. 3 Quarterfinalist,,Div. 3 Quarterfinalist,,www.footballalberta.ab.ca,2025-12-07T07:46:42.233734
23-Oct-25,CEN,#5 Consolation Game,,#6 Consolation Game,,www.footballalberta.ab.ca,2025-12-07T07:46:42.272733
23-Oct-25,CEN,#7 Consolation Game,,#8 Consolation Game,,www.footballalberta.ab.ca,2025-12-07T07:46:42.310737
23-Oct-25,CGY,Div. 2 #1,,Div. 2 #8,,www.footballalberta.ab.ca,2025-12-07T07:46:42.353249
23-Oct-25,CGY,Div. 2 #2,,Div. 2 #7,,www.footballalberta.ab.ca,2025-12-07T07:46:42.391248
23-Oct-25,CGY,Div. 2 #3,,Div. 2 #6,,www.footballalberta.ab.ca,2025-12-07T07:46:42.428762
23-Oct-25,CGY,Div. 2 #4,,Div. 2 #5,,www.footballalberta.ab.ca,2025-12-07T07:46:42.470766
23-Oct-25,ED2,Semi-Finalist,,Semi-Finalist,,www.footballalberta.ab.ca,2025-12-07T07:46:42.517537
23-Oct-25,ED2,Semi-Finalist,,Semi-Finalist,,www.footballalberta.ab.ca,2025-12-07T07:46:42.557532
23-Oct-25,ED3,#1,,#4,,www.footballalberta.ab.ca,2025-12-07T07:46:42.596127
23-Oct-25,ED3,#2,,#3,,www.footballalberta.ab.ca,2025-12-07T07:46:42.634640
23-Oct-25,PSK,Raymond,,L.C.I.,,www.footballalberta.ab.ca,2025-12-07T07:46:42.676193
24-Oct-25,9aside,Peace Division #1,,Winner 4/5,,www.footballalberta.ab.ca,2025-12-07T07:46:42.721197
24-Oct-25,9aside,Peace Division #2,,Peace Division #3,,www.footballalberta.ab.ca,2025-12-07T07:46:42.765707
24-Oct-25,9aside,Central Division #1,,Winner 4/5,,www.footballalberta.ab.ca,2025-12-07T07:46:42.812711
24-Oct-25,9aside,Central Division #2,,Central Division #3,,www.footballalberta.ab.ca,2025-12-07T07:46:42.853222
24-Oct-25,9aside,South Division #2,,South Division #3,,www.footballalberta.ab.ca,2025-12-07T07:46:42.899223
24-Oct-25,BSK,Finalist,,Finalist,,www.footballalberta.ab.ca,2025-12-07T07:46:42.939737
24-Oct-25,BSK,Consolation,,Consolation,,www.footballalberta.ab.ca,2025-12-07T07:46:42.977737
24-Oct-25,CEN,#1,,#4,,www.footballalberta.ab.ca,2025-12-07T07:46:43.015741
24-Oct-25,CEN,#2,,#3,,www.footballalberta.ab.ca,2025-12-07T07:46:43.054252
24-Oct-25,CGY,Div. 2B #1,,Div. 2B #8,,www.footballalberta.ab.ca,2025-12-07T07:46:43.093252
24-Oct-25,CGY,Div. 2B #2,,Div. 2B #7,,www.footballalberta.ab.ca,2025-12-07T07:46:43.132769
24-Oct-25,CGY,Div. 2B #3,,Div. 2B #6,,www.footballalberta.ab.ca,2025-12-07T07:46:43.170766
24-Oct-25,CGY,Div. 2B #4,,Div. 2B #5,,www.footballalberta.ab.ca,2025-12-07T07:46:43.208770
24-Oct-25,ED1,#1,,#4,,www.footballalberta.ab.ca,2025-12-07T07:46:43.247281
24-Oct-25,ED1,#2,,#3,,www.footballalberta.ab.ca,2025-12-07T07:46:43.290281
24-Oct-25,IND,Holy Trinity Academy,,Strathmore,,www.footballalberta.ab.ca,2025-12-07T07:46:43.336794
24-Oct-25,MPE,Peace Bowl Finalist,,Peace Bowl Finalist,,www.footballalberta.ab.ca,2025-12-07T07:46:43.373794
24-Oct-25,RKV,"""A"" Division Finalist",,"""A"" Division Finalist",,www.footballalberta.ab.ca,2025-12-07T07:46:43.411799
24-Oct-25,RKV,Loser A Division Semi,,B Division #5,,www.footballalberta.ab.ca,2025-12-07T07:46:43.450311
24-Oct-25,RKV,Loser A Division Semi,,Winner B Division 6/7,,www.footballalberta.ab.ca,2025-12-07T07:46:43.489311
24-Oct-25,WHE,#2,,#3,,www.footballalberta.ab.ca,2025-12-07T07:46:43.528826
24-Oct-25,WHE,#2,,#3,,www.footballalberta.ab.ca,2025-12-07T07:46:43.568825
24-Oct-25,ZONE 1,3A #1,,3A #4,,www.footballalberta.ab.ca,2025-12-07T07:46:43.610829
24-Oct-25,ZONE 1,3A #2,,3A #3,,www.footballalberta.ab.ca,2025-12-07T07:46:43.652343
24-Oct-25,ZONE 1,4A #1,,4A #4,,www.footballalberta.ab.ca,2025-12-07T07:46:43.692345
24-Oct-25,ZONE 1,4A #2,,4A #3,,www.footballalberta.ab.ca,2025-12-07T07:46:43.732857
25-Oct-25,6aside1,Breton,,HInton,,www.footballalberta.ab.ca,2025-12-07T07:46:43.775856
25-Oct-25,6aside1,Rocky Mountain House,,Holy Redeemer,,www.footballalberta.ab.ca,2025-12-07T07:46:43.817862
25-Oct-25,6aside1,Rimbey,,J.C. Charyk,,www.footballalberta.ab.ca,2025-12-07T07:46:43.857374
25-Oct-25,6aside2,St. Carlo Acutis,,Westlock,,www.footballalberta.ab.ca,2025-12-07T07:46:43.896373
25-Oct-25,6aside2,Parkland,,Roland Mitchener,,www.footballalberta.ab.ca,2025-12-07T07:46:43.941894
25-Oct-25,6aside2,J.R. Robson,,HTA - Drayton Valley,,www.footballalberta.ab.ca,2025-12-07T07:46:43.980893
25-Oct-25,IND,Foothills,,St. Joseph's,,www.footballalberta.ab.ca,2025-12-07T07:46:44.023405
27-Oct-25,CGY,Div. 1 #1,,Winner Quarterfinal,,www.footballalberta.ab.ca,2025-12-07T07:46:44.102410
27-Oct-25,CGY,Div. 1 #2,,Winner Quarterfinal,,www.footballalberta.ab.ca,2025-12-07T07:46:44.142922
29-Oct-25,CGY,Div. 3 #1,,Div. 3 Winner Quarterfinal,,www.footballalberta.ab.ca,2025-12-07T07:46:44.184923
29-Oct-25,CGY,Div. 3 #2,,Div. 3 #3,,www.footballalberta.ab.ca,2025-12-07T07:46:44.223433
30-Oct-25,BSK(EX),Highwood,,Brooks,,www.footballalberta.ab.ca,2025-12-07T07:46:44.262438
30-Oct-25,CGY,Div. 2 Semi-Finalist,,Div. 2 Semi-Finalist,,www.footballalberta.ab.ca,2025-12-07T07:46:44.300438
30-Oct-25,CGY,Div. 2 Semi-Finalist,,Div. 2 Semi-Finalist,,www.footballalberta.ab.ca,2025-12-07T07:46:44.337951
30-Oct-25,CGY,Div. 2B Semi-Finalist,,Div. 2B Semi-Finalist,,www.footballalberta.ab.ca,2025-12-07T07:46:44.377951
30-Oct-25,CGY,Div. 2B Semi-Finalist,,Div. 2B Semi-Finalist,,www.footballalberta.ab.ca,2025-12-07T07:46:44.418955
31-Oct-25,CEN,Winner Semi-Final,,Winner Semi-Final,,www.footballalberta.ab.ca,2025-12-07T07:46:44.457467
31-Oct-25,CEN,Loser Semi-Final,,Loser Semi-Final,,www.footballalberta.ab.ca,2025-12-07T07:46:44.496467
31-Oct-25,ZONE 1,3A Finalist,,3A Finalist,,www.footballalberta.ab.ca,2025-12-07T07:46:44.531979
31-Oct-25,ZONE 1,4A Finalist,,4A Finalist,,www.footballalberta.ab.ca,2025-12-07T07:46:44.571981
01-Nov-25,6aside1,#3,,#6,,www.footballalberta.ab.ca,2025-12-07T07:46:44.610984
01-Nov-25,6aside1,#4,,#5,,www.footballalberta.ab.ca,2025-12-07T07:46:44.648494
01-Nov-25,6aside2,#3,,#6,,www.footballalberta.ab.ca,2025-12-07T07:46:44.691497
01-Nov-25,6aside2,#4,,#5,,www.footballalberta.ab.ca,2025-12-07T07:46:44.737847
01-Nov-25,9aside,Peace Division Finalist,,Peace Division Finalist,,www.footballalberta.ab.ca,2025-12-07T07:46:44.778769
01-Nov-25,9aside,Peace Division Consolation,,Peace Division Consolation,,www.footballalberta.ab.ca,2025-12-07T07:46:44.817342
01-Nov-25,9aside,Central Division Finalist,,Central Division Finalist,,www.footballalberta.ab.ca,2025-12-07T07:46:44.856848
01-Nov-25,9aside,Central Division Consolation,,Central Division Consolation,,www.footballalberta.ab.ca,2025-12-07T07:46:44.898405
01-Nov-25,9aside,South Division #1,,Winner 2/3,,www.footballalberta.ab.ca,2025-12-07T07:46:44.937918
01-Nov-25,CGY,Div. 1 Finalist,,Div. 1 Finalist,,www.footballalberta.ab.ca,2025-12-07T07:46:44.975918
01-Nov-25,ED1,Finalist,,Finalist,,www.footballalberta.ab.ca,2025-12-07T07:46:45.014922
01-Nov-25,ED2,Finalist,,Finalist,,www.footballalberta.ab.ca,2025-12-07T07:46:45.052434
01-Nov-25,ED3,Finalist,,Finalist,,www.footballalberta.ab.ca,2025-12-07T07:46:45.089434
01-Nov-25,RKV,"""B"" Division Finalist",,"""B"" Division Finalist",,www.footballalberta.ab.ca,2025-12-07T07:46:45.127946
01-Nov-25,RKV,"""B"" Division Consolation",,"""B"" Division Consolation",,www.footballalberta.ab.ca,2025-12-07T07:46:45.166946
01-Nov-25,WHE,#1,,Winner Semi-Final,,www.footballalberta.ab.ca,2025-12-07T07:46:45.208950
01-Nov-25,WHE,#1,,Winner 2/3,,www.footballalberta.ab.ca,2025-12-07T07:46:45.250463
01-Nov-25,ZONE 2,Rockyview 4A #1,,Independent 4A #2,,www.footballalberta.ab.ca,2025-12-07T07:46:45.293462
01-Nov-25,ZONE 2,Independent 4A #1,,Rockyview 4A #2,,www.footballalberta.ab.ca,2025-12-07T07:46:45.339976
03-Nov-25,ZONE 2 4A,Holy Trinity Academy,56,Strathmore,7,www.footballalberta.ab.ca,2025-12-07T07:46:45.418979
04-Nov-25,PSK 4A,Chinook,43,Medicine Hat,42,www.footballalberta.ab.ca,2025-12-07T07:46:45.461491
04-Nov-25,PSK 4A,Catholic Central,38,McCoy,28,www.footballalberta.ab.ca,2025-12-07T07:46:45.498491
07-Nov-25,CA1,Ernest Manning,44,Bishop Carroll,0,www.footballalberta.ab.ca,2025-12-07T07:46:45.535005
07-Nov-25,CA1,Notre Dame (CGY),38,St. Francis,16,www.footballalberta.ab.ca,2025-12-07T07:46:45.573005
07-Nov-25,CA2,All Saints,28,Central Memorial,13,www.footballalberta.ab.ca,2025-12-07T07:46:45.610009
07-Nov-25,CA2,Our Lady of the Rockies,0,Centennial,52,www.footballalberta.ab.ca,2025-12-07T07:46:45.647521
07-Nov-25,CA2,Bishop O'Byrne,0,Henry Wise Wood,38,www.footballalberta.ab.ca,2025-12-07T07:46:45.683521
07-Nov-25,CA2,Lord Beaverbrook,40,William Aberhart,0,www.footballalberta.ab.ca,2025-12-07T07:46:45.721525
07-Nov-25,CEN 3A,Camrose,0,Stettler,12,www.footballalberta.ab.ca,2025-12-07T07:46:45.758034
07-Nov-25,CEN 4A,Hunting Hills,21,Lacombe,7,www.footballalberta.ab.ca,2025-12-07T07:46:45.797034
07-Nov-25,CEN(EX),Notre Dame (RD),28,Jasper Place,21,www.footballalberta.ab.ca,2025-12-07T07:46:45.833550
07-Nov-25,ED2,Bellerose,45,Beaumont,15,www.footballalberta.ab.ca,2025-12-07T07:46:45.872550
07-Nov-25,ED2,Paul Kane,16,St. Francis Xavier,8,www.footballalberta.ab.ca,2025-12-07T07:46:45.911554
07-Nov-25,ED2,Archbishop Jordan,37,Lillian Osborne,1,www.footballalberta.ab.ca,2025-12-07T07:46:45.952064
07-Nov-25,ED2,Strathcona,30,Sturgeon,13,www.footballalberta.ab.ca,2025-12-07T07:46:45.991063
07-Nov-25,PSK 5A,Raymond,22,L.C.I.,18,www.footballalberta.ab.ca,2025-12-07T07:46:46.028579
07-Nov-25,SOU 3A,Willow Creek,36,Crescent Heights (MH),7,www.footballalberta.ab.ca,2025-12-07T07:46:46.065579
07-Nov-25,SOU 3A,Cardston,17,W.R. Myers,0,www.footballalberta.ab.ca,2025-12-07T07:46:46.103579
07-Nov-25,WHE,Holy Rosary,18,St. Paul,13,www.footballalberta.ab.ca,2025-12-07T07:46:46.140091
07-Nov-25,ZONE 2 4A,Cochrane,40,Strathmore,6,www.footballalberta.ab.ca,2025-12-07T07:46:46.177093
08-Nov-25,6aside1,Hinton,66,Whitecourt,12,www.footballalberta.ab.ca,2025-12-07T07:46:46.214096
08-Nov-25,6aside2,Parkland,67,Roland Mitchener,20,www.footballalberta.ab.ca,2025-12-07T07:46:46.252607
08-Nov-25,6aside2,J.R. Robson,0,HTA - Drayton Valley,43,www.footballalberta.ab.ca,2025-12-07T07:46:46.301607
08-Nov-25,BSK,Olds,38,Drumheller,14,www.footballalberta.ab.ca,2025-12-07T07:46:46.339120
08-Nov-25,ED1,Harry Ainlay,31,Salisbury,7,www.footballalberta.ab.ca,2025-12-07T07:46:46.377120
08-Nov-25,ED3,Ardrossan,0,St. Albert,23,www.footballalberta.ab.ca,2025-12-07T07:46:46.414124
08-Nov-25,PSK 4A,Catholic Central,27,Chinook,23,www.footballalberta.ab.ca,2025-12-07T07:46:46.455637
08-Nov-25,RKV,Bert Church,26,Bow Valley,5,www.footballalberta.ab.ca,2025-12-07T07:46:46.501638
08-Nov-25,ZONE 2 4A,George McDougall,10,Holy Trinity Academy,33,www.footballalberta.ab.ca,2025-12-07T07:46:46.549156
14-Nov-25,CA2,Henry Wise Wood,7,Lord Beaverbrook,14,www.footballalberta.ab.ca,2025-12-07T07:46:46.642673
14-Nov-25,CA2,All Saints,7,Centennial,30,www.footballalberta.ab.ca,2025-12-07T07:46:46.684671
14-Nov-25,RKV,W.H. Croxford,14,Bow Valley,0,www.footballalberta.ab.ca,2025-12-07T07:46:46.723181
14-Nov-25,6aside 3A,Hinton,56,Parkland,16,www.footballalberta.ab.ca,2025-12-07T07:46:46.759187
14-Nov-25,6aside 3A,West Central,48,Westlock,8,www.footballalberta.ab.ca,2025-12-07T07:46:46.797187
20-Nov-25,ED2,Bellerose,27,Strathcona,14,www.footballalberta.ab.ca,2025-12-07T07:46:46.871703
20-Nov-25,ED2,Archbishop Jordan,10,Paul Kane,30,www.footballalberta.ab.ca,2025-12-07T07:46:46.911707
21-Nov-25,CA2,Centennial,27,Lord Beaverbrook,24,www.footballalberta.ab.ca,2025-12-07T07:46:46.956477
22-Nov-25,6aside 3A,Hinton,74,West Central,44,www.footballalberta.ab.ca,2025-12-07T07:46:46.997212
27-Nov-25,ED2,Bellerose,24,Paul Kane,7,www.footballalberta.ab.ca,2025-12-07T07:46:47.074343
