Date,Season,Level,Host,HostState,Opponent,OpponentState,Score1,Score2,GameLink,OpponentLink,OpponentID
2016-05-05,2016,Varsity,St. Mary Crusaders (ON),ON,Gananoque (ON),ON,3,1,https://scorestream.com/game/st-mary-vs-gananoque-751739,https://scorestream.com/team/gananoque-trojans-281541,281541
2016-05-06,2016,Varsity,St. Mary Crusaders (ON),ON,Smiths Falls District Collegiate Institute (ON),ON,5,20,https://scorestream.com/game/smiths-falls-district-collegiate-institute-vs-st-mary-734214,https://scorestream.com/team/smiths-falls-district-collegiate-institute-redhawks-281720,281720
2016-05-06,2016,Varsity,St. Mary Crusaders (ON),ON,St. Michael Catholic (ON),ON,10,10,https://scorestream.com/game/st-michael-catholic-vs-st-mary-741500,https://scorestream.com/team/st-michael-catholic-high-school-mustangs-281707,281707
2016-05-09,2016,Varsity,St. Mary Crusaders (ON),ON,Athens District (ON),ON,9,3,https://scorestream.com/game/athens-district-vs-st-mary-751741,https://scorestream.com/team/athens-district-high-school-warriors-281591,281591
2016-05-09,2016,JV,St. Mary Crusaders JV (ON),ON,Gananoque JV (ON),ON,4,1,https://scorestream.com/game/gananoque-vs-st-mary-742799,https://scorestream.com/team/gananoque-trojans-281541,281541
2016-05-10,2016,Varsity,St. Mary Crusaders (ON),ON,South Grenville District (ON),ON,9,9,https://scorestream.com/game/st-mary-vs-south-grenville-district-762917,https://scorestream.com/team/south-grenville-district-high-school-giants-281705,281705
2016-05-11,2016,JV,St. Mary Crusaders JV (ON),ON,Rideau District JV (ON),ON,0,0,https://scorestream.com/game/rideau-district-vs-st-mary-763065,https://scorestream.com/team/rideau-district-high-school-lions-281704,281704
2016-05-11,2016,Varsity,St. Mary Crusaders (ON),ON,St. Michael Catholic (ON),ON,0,0,https://scorestream.com/game/st-mary-vs-st-michael-catholic-751748,https://scorestream.com/team/st-michael-catholic-high-school-mustangs-281707,281707
2016-05-11,2016,Varsity,St. Mary Crusaders (ON),ON,Thousand Islands (ON),ON,0,0,https://scorestream.com/game/st-mary-vs-thousand-islands-751749,https://scorestream.com/team/thousand-islands-secondary-school-pirates-281540,281540
2016-09-09,2016,Varsity,Holy Trinity Catholic Titans (ON),ON,Ud Jesuit (MI),MI,56,8,https://scorestream.com/game/holy-trinity-catholic-vs-ud-jesuit-879850,https://scorestream.com/team/university-of-detroit-jesuit-high-school-cubs-243391,243391
2016-10-13,2016,Varsity,Father Michael Goetz Gators (ON),ON,Clarkson (ON),ON,24,10,https://scorestream.com/game/father-michael-goetz-vs-clarkson-913902,https://scorestream.com/team/clarkson-secondary-school-chargers-291210,291210
2016-10-13,2016,Varsity,Nottawasaga Pines Timber Wolves (ON),ON,Collingwood Collegiate Institute (ON),ON,36,20,https://scorestream.com/game/nottawasaga-pines-vs-collingwood-collegiate-institute-913894,https://scorestream.com/team/collingwood-collegiate-institute-owls-291201,291201
2016-10-14,2016,Varsity,Holy Cross Hurricanes (ON),ON,Mother Teresa Catholic (ON),ON,28,14,https://scorestream.com/game/holy-cross-vs-mother-teresa-catholic-914356,https://scorestream.com/team/mother-teresa-catholic-secondary-school-spartans-291147,291147
2016-10-17,2016,JV,Widdifield Wildcats JV (ON),ON,École Secondaire Catholique Algonquin JV (ON),ON,52,0,https://scorestream.com/game/cole-secondaire-catholique-algonquin-vs-widdifield-915957,https://scorestream.com/team/cole-secondaire-catholique-algonquin-barons-291349,291349
2016-10-21,2016,Varsity,Almonte And District Thuderbolts (ON),ON,Perth And District Collegiate Institute (ON),ON,23,14,https://scorestream.com/game/perth-and-district-collegiate-institute-vs-almonte-and-district-921160,https://scorestream.com/team/perth-and-district-collegiate-institute-blue-devils-291255,291255
2016-10-21,2016,Varsity,St. Theresa Catholic Titans (ON),ON,St. Joseph'S (ON),ON,42,21,https://scorestream.com/game/st-josephs-vs-st-theresa-catholic-920899,https://scorestream.com/team/st-josephs-secondary-school-panthers-291148,291148
2016-10-26,2016,Varsity,Nottawasaga Pines Timber Wolves (ON),ON,Nantyr Shores (ON),ON,48,0,https://scorestream.com/game/nottawasaga-pines-vs-nantyr-shores-926584,https://scorestream.com/team/nantyr-shores-secondary-school-tritons-291266,291266
2016-11-02,2016,Varsity,Father Michael Goetz Gators (ON),ON,St. Ignatius Of Loyola (ON),ON,21,0,https://scorestream.com/game/father-michael-goetz-vs-st-ignatius-of-loyola-934419,https://scorestream.com/team/st-ignatius-of-loyola-secondary-school-hawks-279753,279753
2016-11-04,2016,Varsity,Almonte And District Thuderbolts (ON),ON,Arnprior District (ON),ON,34,14,https://scorestream.com/game/almonte-and-district-vs-arnprior-district-935824,https://scorestream.com/team/arnprior-district-high-school-rapids-283254,283254
2016-11-22,2016,Varsity,Mckinnon Park Blue Devils (ON),ON,Sir Allan Macnab (ON),ON,32,22,https://scorestream.com/game/sir-allan-macnab-vs-mckinnon-park-959011,https://scorestream.com/team/sir-allan-macnab-secondary-lions-279075,279075
2016-11-23,2016,Varsity,Holy Cross Hurricanes (ON),ON,St. Thomas Aquinas Catholic (ON),ON,7,2,https://scorestream.com/game/holy-cross-vs-st-thomas-aquinas-catholic-959009,https://scorestream.com/team/st-thomas-aquinas-catholic-secondary-school-raiders-279760,279760
2016-11-26,2016,Varsity,Adam Scott Collegiate Lions (ON),ON,Villanova (ON),ON,0,0,https://scorestream.com/game/adam-scott-collegiate-vs-villanova-958236,https://scorestream.com/team/villanova-wildcats-279550,279550
2016-12-06,2016,Varsity,David And Mary Thomson Collegiate Institute Titans (ON),ON,Sir Oliver Mowat Collegiate Institute (ON),ON,81,59,https://scorestream.com/game/david-and-mary-thomson-collegiate-institute-vs-sir-oliver-mowat-collegiate-institute-1051301,https://scorestream.com/team/sir-oliver-mowat-collegiate-institute-mustangs-291426,291426
2016-12-09,2016,Varsity,Holy Cross Hurricanes (ON),ON,Catholic Central (ON),ON,5,3,https://scorestream.com/game/holy-cross-vs-catholic-central-1051540,https://scorestream.com/team/catholic-central-high-school-crusaders-283212,283212
2017-05-31,2017,Varsity,Father Michael Goetz Gators (ON),ON,North Park (ON),ON,15,8,https://scorestream.com/game/north-park-vs-father-michael-goetz-1335943,https://scorestream.com/team/north-park-collegiate-trojans-279844,279844
2017-06-01,2017,Varsity,Adam Scott Collegiate Lions (ON),ON,Georgian Bay (ON),ON,82,0,https://scorestream.com/game/georgian-bay-vs-adam-scott-collegiate-1335620,https://scorestream.com/team/georgian-bay-secondary-thunder-296261,296261
2017-06-01,2017,Varsity,David And Mary Thomson Collegiate Institute Titans (ON),ON,Oakville Trafalgar (ON),ON,41,5,https://scorestream.com/game/david-and-mary-thomson-collegiate-institute-vs-oakville-trafalgar-1335926,https://scorestream.com/team/oakville-trafalgar-high-school-red-devils-279758,279758
2017-06-01,2017,Varsity,St Peter Catholic Knights (ON),ON,Nantyr Shores (ON),ON,37,12,https://scorestream.com/game/st-peter-catholic-vs-nantyr-shores-1335929,https://scorestream.com/team/nantyr-shores-secondary-school-tritons-291266,291266
2017-06-02,2017,Varsity,Adam Scott Collegiate Lions (ON),ON,Brookfield (ON),ON,22,10,https://scorestream.com/game/brookfield-vs-adam-scott-collegiate-1336354,https://scorestream.com/team/brookfield-high-school-blues-296262,296262
2017-06-03,2017,Varsity,Adam Scott Collegiate Lions (ON),ON,Ashbury College (ON),ON,20,0,https://scorestream.com/game/ashbury-college-vs-adam-scott-collegiate-1338346,https://scorestream.com/team/ashbury-college-colts-279779,279779
2017-09-15,2017,Varsity,École Secondaire Catholique Franco-Cité Faucons (ON),ON,Chippewa (ON),ON,0,0,https://scorestream.com/game/cole-secondaire-catholique-franco-cit-vs-chippewa-1483195,https://scorestream.com/team/chippewa-secondary-school-raiders-298447,298447
2017-09-15,2017,Varsity,Chippewa Raiders (ON),ON,Franco-Cite (ON),ON,0,36,https://scorestream.com/game/franco-cite-vs-chippewa-1483197,https://scorestream.com/team/franco-cite-patriotes-298448,298448
2017-09-15,2017,Varsity,Widdifield Wildcats (ON),ON,École Secondaire Catholique Algonquin (ON),ON,41,12,https://scorestream.com/game/widdifield-vs-cole-secondaire-catholique-algonquin-1483199,https://scorestream.com/team/cole-secondaire-catholique-algonquin-barons-291349,291349
2017-09-21,2017,Varsity,Ernestown Eagles (ON),ON,Frontenac (ON),ON,39,6,https://scorestream.com/game/ernestown-vs-frontenac-1464866,https://scorestream.com/team/frontenac-secondary-school-falcons-282916,282916
2017-09-21,2017,Varsity,Haliburton Highlands Redhawks (ON),ON,Fenelon Falls (ON),ON,0,35,https://scorestream.com/game/fenelon-falls-vs-haliburton-highlands-1464978,https://scorestream.com/team/fenelon-falls-secondary-school-falcons-279802,279802
2017-09-21,2017,Varsity,Sir Wilfrid Laurier Rams (ON),ON,Oakridge (ON),ON,7,41,https://scorestream.com/game/sir-wilfrid-laurier-vs-oakridge-1465021,https://scorestream.com/team/oakridge-secondary-school-oak-leafs-273577,273577
2017-09-21,2017,Varsity,Widdifield Wildcats (ON),ON,École Secondaire Catholique Algonquin (ON),ON,41,12,https://scorestream.com/game/widdifield-vs-cole-secondaire-catholique-algonquin-1465775,https://scorestream.com/team/cole-secondaire-catholique-algonquin-barons-291349,291349
2017-09-22,2017,Varsity,Adam Scott Collegiate Lions (ON),ON,Crestwood (ON),ON,24,0,https://scorestream.com/game/adam-scott-collegiate-vs-crestwood-1464994,https://scorestream.com/team/crestwood-secondary-school-mustangs-279801,279801
2017-09-22,2017,Varsity,Widdifield Wildcats (ON),ON,Chippewa (ON),ON,14,33,https://scorestream.com/game/chippewa-vs-widdifield-1483200,https://scorestream.com/team/chippewa-secondary-school-raiders-298447,298447
2017-09-22,2017,Varsity,Holy Cross Hurricanes (ON),ON,Thomas A. Stewart (ON),ON,8,44,https://scorestream.com/game/thomas-a-stewart-vs-holy-cross-1464993,https://scorestream.com/team/thomas-a-stewart-secondary-school-griffins-279816,279816
2017-09-24,2017,Varsity,École Secondaire Catholique Algonquin Barons (ON),ON,West Ferris (ON),ON,39,15,https://scorestream.com/game/cole-secondaire-catholique-algonquin-vs-west-ferris-1470434,https://scorestream.com/team/west-ferris-secondary-school-trojans-291352,291352
2017-09-26,2017,Varsity,St. Theresa Catholic Titans (ON),ON,Bayside (ON),ON,16,0,https://scorestream.com/game/bayside-vs-st-theresa-catholic-1471562,https://scorestream.com/team/bayside-secondary-school-red-devils-296276,296276
2017-09-27,2017,Varsity,Adam Scott Collegiate Lions (ON),ON,Holy Cross (ON),ON,6,23,https://scorestream.com/game/adam-scott-collegiate-vs-holy-cross-1464995,https://scorestream.com/team/holy-cross-high-school-hurricanes-279804,279804
2017-09-27,2017,Varsity,St Peter Catholic Knights (ON),ON,Colonel By (ON),ON,0,37,https://scorestream.com/game/st-peter-catholic-vs-colonel-by-1473303,https://scorestream.com/team/colonel-by-secondary-school-cougars-298304,298304
2017-09-27,2017,Varsity,Ernestown Eagles (ON),ON,La Salle (ON),ON,6,36,https://scorestream.com/game/la-salle-vs-ernestown-1464872,https://scorestream.com/team/la-salle-secondary-school-black-knights-283157,283157
2017-09-27,2017,Varsity,Sir Wilfrid Laurier Rams (ON),ON,Glendale (ON),ON,0,25,https://scorestream.com/game/sir-wilfrid-laurier-vs-glendale-1465030,https://scorestream.com/team/glendale-high-school-gemini-291191,291191
2017-09-27,2017,Varsity,Napanee District Hawks (ON),ON,Sydenham (ON),ON,21,10,https://scorestream.com/game/napanee-district-vs-sydenham-1464871,https://scorestream.com/team/sydenham-high-school-golden-eagles-283158,283158
2017-09-27,2017,Varsity,École Secondaire Catholique Franco-Cité Faucons (ON),ON,St. Mark Catholic (ON),ON,17,22,https://scorestream.com/game/cole-secondaire-catholique-franco-cit-vs-st-mark-catholic-1473302,https://scorestream.com/team/st-mark-catholic-high-school-lions-298300,298300
2017-09-28,2017,Varsity,Glebe Collegiate Institute Gryphons (ON),ON,Immaculata (ON),ON,27,20,https://scorestream.com/game/immaculata-vs-glebe-collegiate-institute-1473305,https://scorestream.com/team/immaculata-high-school-saints-298303,298303
2017-09-29,2017,Varsity,Almonte And District Thuderbolts (ON),ON,St John Catholic (ON),ON,21,14,https://scorestream.com/game/st-john-catholic-vs-almonte-and-district-1477645,https://scorestream.com/team/st-john-catholic-high-school-spartans-283147,283147
2017-09-29,2017,Varsity,Chippewa Raiders (ON),ON,West Ferris (ON),ON,0,0,https://scorestream.com/game/chippewa-vs-west-ferris-1483205,https://scorestream.com/team/west-ferris-secondary-school-trojans-291352,291352
2017-09-29,2017,Varsity,Widdifield Wildcats (ON),ON,Franco-Cite (ON),ON,13,29,https://scorestream.com/game/franco-cite-vs-widdifield-1483204,https://scorestream.com/team/franco-cite-patriotes-298448,298448
2017-09-29,2017,Varsity,École Secondaire Catholique Algonquin Barons (ON),ON,St. Joseph-Scollard Hall Catholic (ON),ON,6,0,https://scorestream.com/game/cole-secondaire-catholique-algonquin-vs-st-joseph-scollard-hall-catholic-1483203,https://scorestream.com/team/st-joseph-scollard-hall-catholic-secondary-school-bears-297903,297903
2017-10-02,2017,Varsity,St. Theresa Catholic Titans (ON),ON,Moira (ON),ON,10,8,https://scorestream.com/game/st-theresa-catholic-vs-moira-1478813,https://scorestream.com/team/moira-secondary-school-trojans-279787,279787
2017-10-03,2017,Varsity,École Secondaire Catholique Franco-Cité Faucons (ON),ON,Widdifield (ON),ON,29,13,https://scorestream.com/game/widdifield-vs-cole-secondaire-catholique-franco-cit-1480150,https://scorestream.com/team/widdifield-secondary-school-wildcats-291347,291347
2017-10-05,2017,Varsity,St Peter Catholic Knights (ON),ON,Ashbury College (ON),ON,61,20,https://scorestream.com/game/ashbury-college-vs-st-peter-catholic-1473307,https://scorestream.com/team/ashbury-college-colts-279779,279779
2017-10-05,2017,Varsity,Thomas A. Stewart Griffins (ON),ON,Fenelon Falls (ON),ON,10,16,https://scorestream.com/game/fenelon-falls-vs-thomas-a-stewart-1465000,https://scorestream.com/team/fenelon-falls-secondary-school-falcons-279802,279802
2017-10-05,2017,Varsity,École Secondaire Catholique Algonquin Barons (ON),ON,Franco-Cite (ON),ON,7,16,https://scorestream.com/game/franco-cite-vs-cole-secondaire-catholique-algonquin-1483207,https://scorestream.com/team/franco-cite-patriotes-298448,298448
2017-10-05,2017,Varsity,Napanee District Hawks (ON),ON,Frontenac (ON),ON,0,2,https://scorestream.com/game/frontenac-vs-napanee-district-1464882,https://scorestream.com/team/frontenac-secondary-school-falcons-282916,282916
2017-10-05,2017,Varsity,Haliburton Highlands Redhawks (ON),ON,Holy Cross (ON),ON,0,0,https://scorestream.com/game/haliburton-highlands-vs-holy-cross-1464999,https://scorestream.com/team/holy-cross-high-school-hurricanes-279804,279804
2017-10-05,2017,Varsity,École Secondaire Catholique Franco-Cité Faucons (ON),ON,St. Matthew (ON),ON,0,0,https://scorestream.com/game/st-matthew-vs-cole-secondaire-catholique-franco-cit-1473306,https://scorestream.com/team/st-matthew-high-school-tigers-292135,292135
2017-10-05,2017,Varsity,St. Theresa Catholic Titans (ON),ON,St. Peter Catholic (ON),ON,13,7,https://scorestream.com/game/st-peter-catholic-vs-st-theresa-catholic-1481701,https://scorestream.com/team/st-peter-catholic-secondary-school-saints-279815,279815
2017-10-06,2017,Varsity,Sir Wilfrid Laurier Rams (ON),ON,London South Collegiate Institute (ON),ON,7,35,https://scorestream.com/game/london-south-collegiate-institute-vs-sir-wilfrid-laurier-1465039,https://scorestream.com/team/london-south-collegiate-institute-lion-279843,279843
2017-10-06,2017,Varsity,Widdifield Wildcats (ON),ON,West Ferris (ON),ON,37,0,https://scorestream.com/game/widdifield-vs-west-ferris-1483209,https://scorestream.com/team/west-ferris-secondary-school-trojans-291352,291352
2017-10-07,2017,Varsity,Almonte And District Thuderbolts (ON),ON,Arnprior District (ON),ON,21,17,https://scorestream.com/game/arnprior-district-vs-almonte-and-district-1484449,https://scorestream.com/team/arnprior-district-high-school-rapids-283254,283254
2017-10-07,2017,Varsity,Immaculata Saints (ON),ON,St. Joseph (ON),ON,40,26,https://scorestream.com/game/immaculata-vs-st-joseph-1484410,https://scorestream.com/team/st-joseph-high-school-jaguars-297361,297361
2017-10-11,2017,Varsity,Glebe Collegiate Institute Gryphons (ON),ON,Ashbury College (ON),ON,0,0,https://scorestream.com/game/glebe-collegiate-institute-vs-ashbury-college-1473311,https://scorestream.com/team/ashbury-college-colts-279779,279779
2017-10-11,2017,Varsity,Napanee District Hawks (ON),ON,Ernestown (ON),ON,1,21,https://scorestream.com/game/napanee-district-vs-ernestown-1490623,https://scorestream.com/team/ernestown-secondary-school-eagles-298007,298007
2017-10-11,2017,JV,Nantyr Shores Tritons JV (ON),ON,Nottawasaga Pines JV (OTTAWA),OTTAWA,48,21,https://scorestream.com/game/nantyr-shores-vs-nottawasaga-pines-1487282,https://scorestream.com/team/nottawasaga-pines-secondary-school-timber-wolves-291202,291202
2017-10-12,2017,Varsity,École Secondaire Catholique Franco-Cité Faucons (ON),ON,Colonel By (ON),ON,13,13,https://scorestream.com/game/cole-secondaire-catholique-franco-cit-vs-colonel-by-1473312,https://scorestream.com/team/colonel-by-secondary-school-cougars-298304,298304
2017-10-12,2017,Varsity,Holy Cross Hurricanes (ON),ON,Fenelon Falls (ON),ON,33,0,https://scorestream.com/game/holy-cross-vs-fenelon-falls-1465004,https://scorestream.com/team/fenelon-falls-secondary-school-falcons-279802,279802
2017-10-12,2017,Varsity,Holy Trinity Catholic (Kanata) Tornadoes (ON),ON,St. Mark Catholic (ON),ON,21,0,https://scorestream.com/game/holy-trinity-catholic-high-school-kanata-vs-st-mark-catholic-1473313,https://scorestream.com/team/st-mark-catholic-high-school-lions-298300,298300
2017-10-13,2017,Varsity,Adam Scott Collegiate Lions (ON),ON,Thomas A. Stewart (ON),ON,0,0,https://scorestream.com/game/thomas-a-stewart-vs-adam-scott-collegiate-1465007,https://scorestream.com/team/thomas-a-stewart-secondary-school-griffins-279816,279816
2017-10-13,2017,Varsity,Nantyr Shores Tritons (ON),ON,Banting Memorial (ON),ON,0,35,https://scorestream.com/game/nantyr-shores-vs-banting-memorial-1467221,https://scorestream.com/team/banting-memorial-high-school-mauraders-298040,298040
2017-10-13,2017,Varsity,École Secondaire Catholique Algonquin Barons (ON),ON,Chippewa (ON),ON,8,37,https://scorestream.com/game/cole-secondaire-catholique-algonquin-vs-chippewa-1483211,https://scorestream.com/team/chippewa-secondary-school-raiders-298447,298447
2017-10-13,2017,Varsity,Haliburton Highlands Redhawks (ON),ON,St. Peter Catholic (ON),ON,0,0,https://scorestream.com/game/haliburton-highlands-vs-st-peter-catholic-1465005,https://scorestream.com/team/st-peter-catholic-secondary-school-saints-279815,279815
2017-10-13,2017,Varsity,Huron Heights Warriors (ON),ON,Markham (ON),ON,7,53,https://scorestream.com/game/huron-heights-vs-markham-1465898,https://scorestream.com/team/markham-marauders-294921,294921
2017-10-13,2017,Varsity,Immaculata Saints (ON),ON,St Peter Catholic (ON),ON,47,0,https://scorestream.com/game/immaculata-vs-st-peter-catholic-1473315,https://scorestream.com/team/st-peter-catholic-high-school-knights-279110,279110
2017-10-13,2017,Varsity,Sir Wilfrid Laurier Rams (ON),ON,London Central (ON),ON,61,0,https://scorestream.com/game/london-central-vs-sir-wilfrid-laurier-1465046,https://scorestream.com/team/london-central-secondary-school-golden-ghosts-291203,291203
2017-10-13,2017,Varsity,Widdifield Wildcats (ON),ON,St. Joseph-Scollard Hall Catholic (ON),ON,47,20,https://scorestream.com/game/widdifield-vs-st-joseph-scollard-hall-catholic-1483210,https://scorestream.com/team/st-joseph-scollard-hall-catholic-secondary-school-bears-297903,297903
2017-10-15,2017,Varsity,Immaculata Saints (ON),ON,St. Peter Catholic (ON),ON,47,0,https://scorestream.com/game/immaculata-vs-st-peter-catholic-1492248,https://scorestream.com/team/st-peter-catholic-secondary-school-saints-279815,279815
2017-10-17,2017,Varsity,Adam Scott Collegiate Lions (ON),ON,Crestwood (ON),ON,7,37,https://scorestream.com/game/crestwood-vs-adam-scott-collegiate-1465010,https://scorestream.com/team/crestwood-secondary-school-mustangs-279801,279801
2017-10-17,2017,Varsity,Ernestown Eagles (ON),ON,Bayridge (ON),ON,28,9,https://scorestream.com/game/ernestown-vs-bayridge-1464893,https://scorestream.com/team/bayridge-secondary-school-blazers-283177,283177
2017-10-17,2017,Varsity,Haliburton Highlands Redhawks (ON),ON,Thomas A. Stewart (ON),ON,0,0,https://scorestream.com/game/haliburton-highlands-vs-thomas-a-stewart-1465011,https://scorestream.com/team/thomas-a-stewart-secondary-school-griffins-279816,279816
2017-10-17,2017,Varsity,Holy Cross Hurricanes (ON),ON,St. Peter Catholic (ON),ON,12,39,https://scorestream.com/game/holy-cross-vs-st-peter-catholic-1465009,https://scorestream.com/team/st-peter-catholic-secondary-school-saints-279815,279815
2017-10-17,2017,Varsity,Napanee District Hawks (ON),ON,Regiopolis-Notre Dame (ON),ON,51,0,https://scorestream.com/game/napanee-district-vs-regiopolis-notre-dame-1464891,https://scorestream.com/team/regiopolis-notre-dame-panthers-283159,283159
2017-10-18,2017,JV,Nantyr Shores Tritons JV (ON),ON,Innisdale JV (ON),ON,21,27,https://scorestream.com/game/nantyr-shores-vs-innisdale-1496263,https://scorestream.com/team/innisdale-secondary-school-invaders-291196,291196
2017-10-19,2017,Varsity,École Secondaire Catholique Algonquin Barons (ON),ON,Chippewa (ON),ON,37,0,https://scorestream.com/game/chippewa-vs-cole-secondaire-catholique-algonquin-1497123,https://scorestream.com/team/chippewa-secondary-school-raiders-298447,298447
2017-10-19,2017,JV,West Ferris Trojans JV (ON),ON,Chippewa JV (ON),ON,52,18,https://scorestream.com/game/chippewa-vs-west-ferris-1497200,https://scorestream.com/team/chippewa-secondary-school-raiders-298447,298447
2017-10-19,2017,Varsity,Holy Trinity Catholic (Kanata) Tornadoes (ON),ON,Colonel By (ON),ON,22,22,https://scorestream.com/game/colonel-by-vs-holy-trinity-catholic-high-school-kanata-1473316,https://scorestream.com/team/colonel-by-secondary-school-cougars-298304,298304
2017-10-19,2017,JV,Haliburton Highlands Redhawks JV (ON),ON,Kenner Collegiate Voc Institute JV (ON),ON,41,6,https://scorestream.com/game/kenner-collegiate-voc-institute-vs-haliburton-highlands-1496466,https://scorestream.com/team/kenner-collegiate-vocational-institute-rams-279805,279805
2017-10-19,2017,Varsity,Nantyr Shores Tritons (ON),ON,Orillia (ON),ON,6,51,https://scorestream.com/game/nantyr-shores-vs-orillia-1467248,https://scorestream.com/team/orillia-secondary-school-nighthawks-291197,291197
2017-10-19,2017,JV,École Secondaire Catholique Algonquin Barons JV (ON),ON,Widdifield JV (ON),ON,61,12,https://scorestream.com/game/cole-secondaire-catholique-algonquin-vs-widdifield-1497210,https://scorestream.com/team/widdifield-secondary-school-wildcats-291347,291347
2017-10-20,2017,Varsity,Adam Scott Collegiate Lions (ON),ON,Haliburton Highlands (ON),ON,6,14,https://scorestream.com/game/adam-scott-collegiate-vs-haliburton-highlands-1498970,https://scorestream.com/team/haliburton-highlands-secondary-school-redhawks-279803,279803
2017-10-20,2017,Varsity,Thomas A. Stewart Griffins (ON),ON,Crestwood (ON),ON,0,0,https://scorestream.com/game/crestwood-vs-thomas-a-stewart-1465012,https://scorestream.com/team/crestwood-secondary-school-mustangs-279801,279801
2017-10-20,2017,Varsity,Ernestown Eagles (ON),ON,Regiopolis-Notre Dame (ON),ON,10,47,https://scorestream.com/game/regiopolis-notre-dame-vs-ernestown-1464896,https://scorestream.com/team/regiopolis-notre-dame-panthers-283159,283159
2017-10-20,2017,Varsity,West Ferris Trojans (ON),ON,Franco-Cite (ON),ON,19,20,https://scorestream.com/game/west-ferris-vs-franco-cite-1498983,https://scorestream.com/team/franco-cite-patriotes-298448,298448
2017-10-20,2017,Varsity,Glebe Collegiate Institute Gryphons (ON),ON,St. Mark Catholic (ON),ON,0,30,https://scorestream.com/game/st-mark-catholic-vs-glebe-collegiate-institute-1473319,https://scorestream.com/team/st-mark-catholic-high-school-lions-298300,298300
2017-10-20,2017,Varsity,St. Theresa Catholic Titans (ON),ON,Quinte (ON),ON,32,9,https://scorestream.com/game/st-theresa-catholic-vs-quinte-1507252,https://scorestream.com/team/quinte-secondary-school-saints-279789,279789
2017-10-20,2017,Varsity,St Peter Catholic Knights (ON),ON,École Secondaire Catholique Franco-Cité (ON),ON,14,41,https://scorestream.com/game/st-peter-catholic-vs-cole-secondaire-catholique-franco-cit-1473320,https://scorestream.com/team/cole-secondaire-catholique-franco-cit-faucons-291350,291350
2017-10-20,2017,Varsity,École Secondaire Catholique Algonquin Barons (ON),ON,St. Joseph-Scollard Hall Catholic (ON),ON,14,37,https://scorestream.com/game/st-joseph-scollard-hall-catholic-vs-cole-secondaire-catholique-algonquin-1498981,https://scorestream.com/team/st-joseph-scollard-hall-catholic-secondary-school-bears-297903,297903
2017-10-22,2017,JV,Ernestown Eagles JV (ON),ON,Bayridge JV (ON),ON,22,11,https://scorestream.com/game/bayridge-vs-ernestown-1499747,https://scorestream.com/team/bayridge-secondary-school-blazers-283177,283177
2017-10-25,2017,Varsity,Holy Cross Hurricanes (ON),ON,Crestwood (ON),ON,38,6,https://scorestream.com/game/holy-cross-vs-crestwood-1465016,https://scorestream.com/team/crestwood-secondary-school-mustangs-279801,279801
2017-10-25,2017,Varsity,Nantyr Shores Tritons (ON),ON,Eastview (ON),ON,35,14,https://scorestream.com/game/eastview-vs-nantyr-shores-1467264,https://scorestream.com/team/eastview-secondary-school-wildcats-291206,291206
2017-10-25,2017,Varsity,Fenelon Falls Falcons (ON),ON,St. Peter Catholic (ON),ON,31,0,https://scorestream.com/game/st-peter-catholic-vs-fenelon-falls-1502377,https://scorestream.com/team/st-peter-catholic-secondary-school-saints-279815,279815
2017-10-25,2017,Varsity,École Secondaire Catholique Franco-Cité Faucons (ON),ON,St. Joseph (ON),ON,27,28,https://scorestream.com/game/st-joseph-vs-cole-secondaire-catholique-franco-cit-1473322,https://scorestream.com/team/st-joseph-high-school-jaguars-297361,297361
2017-10-26,2017,Varsity,Adam Scott Collegiate Lions (ON),ON,Fenelon Falls (ON),ON,7,43,https://scorestream.com/game/fenelon-falls-vs-adam-scott-collegiate-1465018,https://scorestream.com/team/fenelon-falls-secondary-school-falcons-279802,279802
2017-10-26,2017,Varsity,Ernestown Eagles (ON),ON,Kcvi (ON),ON,14,42,https://scorestream.com/game/kcvi-vs-ernestown-1464902,https://scorestream.com/team/kcvi-blues-282956,282956
2017-10-26,2017,Varsity,Haliburton Highlands Redhawks (ON),ON,St. Peter Catholic (ON),ON,0,0,https://scorestream.com/game/st-peter-catholic-vs-haliburton-highlands-1465017,https://scorestream.com/team/st-peter-catholic-secondary-school-saints-279815,279815
2017-10-26,2017,Varsity,Holy Trinity Catholic Titans (ON),ON,Pickering (ON),ON,35,13,https://scorestream.com/game/pickering-vs-holy-trinity-catholic-1507239,https://scorestream.com/team/pickering-high-school-trojans-273578,273578
2017-10-26,2017,Varsity,Sir Wilfrid Laurier Rams (ON),ON,Saunders (ON),ON,34,3,https://scorestream.com/game/saunders-vs-sir-wilfrid-laurier-1499786,https://scorestream.com/team/saunders-secondary-school-sabres-290973,290973
2017-10-27,2017,Varsity,Immaculata Saints (ON),ON,Ashbury College (ON),ON,16,16,https://scorestream.com/game/ashbury-college-vs-immaculata-1473325,https://scorestream.com/team/ashbury-college-colts-279779,279779
2017-10-27,2017,Varsity,St. Mark Catholic Lions (ON),ON,Colonel By (ON),ON,18,9,https://scorestream.com/game/colonel-by-vs-st-mark-catholic-1473323,https://scorestream.com/team/colonel-by-secondary-school-cougars-298304,298304
2017-10-27,2017,Varsity,Glebe Collegiate Institute Gryphons (ON),ON,St. Matthew (ON),ON,56,0,https://scorestream.com/game/glebe-collegiate-institute-vs-st-matthew-1473324,https://scorestream.com/team/st-matthew-high-school-tigers-292135,292135
2017-10-27,2017,Varsity,Holy Trinity Catholic Titans (ON),ON,Mckinnon Park (ON),ON,22,11,https://scorestream.com/game/holy-trinity-catholic-vs-mckinnon-park-1507263,https://scorestream.com/team/mckinnon-park-secondary-school-blue-devils-292112,292112
2017-10-27,2017,Varsity,Huron Heights Warriors (ON),ON,St. Brother André Catholic (ON),ON,52,0,https://scorestream.com/game/st-brother-andr-catholic-vs-huron-heights-1465904,https://scorestream.com/team/st-brother-andr-catholic-high-school-cardinals-291262,291262
2017-10-27,2017,Varsity,West Ferris Trojans (ON),ON,St. Joseph-Scollard Hall Catholic (ON),ON,19,21,https://scorestream.com/game/west-ferris-vs-st-joseph-scollard-hall-catholic-1502584,https://scorestream.com/team/st-joseph-scollard-hall-catholic-secondary-school-bears-297903,297903
2017-10-28,2017,JV,Nottawasaga Pines Timber Wolves JV (ON),ON,Eastview JV (ON),ON,26,14,https://scorestream.com/game/nottawasaga-pines-vs-eastview-1506911,https://scorestream.com/team/eastview-secondary-school-wildcats-291206,291206
2017-10-29,2017,JV,Almonte And District Thuderbolts JV (ON),ON,Arnprior District JV (ON),ON,40,0,https://scorestream.com/game/arnprior-district-vs-almonte-and-district-1507410,https://scorestream.com/team/arnprior-district-high-school-rapids-283254,283254
2017-10-29,2017,Varsity,École Secondaire Catholique Algonquin Barons (ON),ON,Widdifield (ON),ON,35,14,https://scorestream.com/game/cole-secondaire-catholique-algonquin-vs-widdifield-1507473,https://scorestream.com/team/widdifield-secondary-school-wildcats-291347,291347
2017-10-30,2017,JV,Huron Heights Warriors JV (ON),ON,Nelson JV (ON),ON,0,0,https://scorestream.com/game/nelson-vs-huron-heights-1509364,https://scorestream.com/team/nelson-high-school-lords-279756,279756
2017-10-31,2017,Varsity,Adam Scott Collegiate Lions (ON),ON,Crestwood (ON),ON,7,27,https://scorestream.com/game/crestwood-vs-adam-scott-collegiate-1509849,https://scorestream.com/team/crestwood-secondary-school-mustangs-279801,279801
2017-10-31,2017,Varsity,Nantyr Shores Tritons (ON),ON,Collingwood Collegiate Institute (ON),ON,0,1,https://scorestream.com/game/nantyr-shores-vs-collingwood-collegiate-institute-1509862,https://scorestream.com/team/collingwood-collegiate-institute-owls-291201,291201
2017-10-31,2017,Varsity,Thomas A. Stewart Griffins (ON),ON,Fenelon Falls (ON),ON,15,17,https://scorestream.com/game/fenelon-falls-vs-thomas-a-stewart-1509850,https://scorestream.com/team/fenelon-falls-secondary-school-falcons-279802,279802
2017-11-02,2017,Varsity,Sir Wilfrid Laurier Rams (ON),ON,Clarke Road (ON),ON,8,27,https://scorestream.com/game/sir-wilfrid-laurier-vs-clarke-road-1507673,https://scorestream.com/team/clarke-road-secondary-school-trojans-291129,291129
2017-11-02,2017,Varsity,Holy Trinity Catholic (Kanata) Tornadoes (ON),ON,St. Matthew (ON),ON,0,40,https://scorestream.com/game/st-matthew-vs-holy-trinity-catholic-high-school-kanata-1473326,https://scorestream.com/team/st-matthew-high-school-tigers-292135,292135
2017-11-02,2017,Varsity,Philemon Wright Falcons (QC),QC,Immaculata (ON),ON,13,29,https://scorestream.com/game/philemon-wright-vs-immaculata-1473328,https://scorestream.com/team/immaculata-high-school-saints-298303,298303
2017-11-02,2017,Varsity,St Peter Catholic Knights (ON),ON,St. Mark Catholic (ON),ON,20,0,https://scorestream.com/game/st-mark-catholic-vs-st-peter-catholic-1473327,https://scorestream.com/team/st-mark-catholic-high-school-lions-298300,298300
2017-11-03,2017,Varsity,Nantyr Shores Tritons (ON),ON,Barrie North Collegiate Institute (ON),ON,20,0,https://scorestream.com/game/barrie-north-collegiate-institute-vs-nantyr-shores-1512653,https://scorestream.com/team/barrie-north-collegiate-institute-vikings-291207,291207
2017-11-03,2017,Varsity,Colonel By Cougars (ON),ON,Glebe Collegiate Institute (ON),ON,13,6,https://scorestream.com/game/glebe-collegiate-institute-vs-colonel-by-1473330,https://scorestream.com/team/glebe-collegiate-institute-gryphons-298301,298301
2017-11-03,2017,Varsity,Fenelon Falls Falcons (ON),ON,Crestwood (ON),ON,3,23,https://scorestream.com/game/crestwood-vs-fenelon-falls-1513794,https://scorestream.com/team/crestwood-secondary-school-mustangs-279801,279801
2017-11-03,2017,Varsity,Huron Heights Warriors (ON),ON,St. Maximillian Kolbe Catholic (ON),ON,0,0,https://scorestream.com/game/st-maximillian-kolbe-catholic-vs-huron-heights-1465908,https://scorestream.com/team/st-maximillian-kolbe-catholic-high-school-mustangs-297224,297224
2017-11-04,2017,JV,Almonte And District Thuderbolts JV (ON),ON,Arnprior District JV (ON),ON,14,0,https://scorestream.com/game/almonte-and-district-vs-arnprior-district-1513628,https://scorestream.com/team/arnprior-district-high-school-rapids-283254,283254
2017-11-04,2017,Varsity,West Ferris Trojans (ON),ON,Lively District (ON),ON,14,0,https://scorestream.com/game/lively-district-vs-west-ferris-1514020,https://scorestream.com/team/lively-district-secondary-school-hawks-291422,291422
2017-11-05,2017,Varsity,Nantyr Shores Tritons (ON),ON,Barrie North Collegiate Institute (ON),ON,20,0,https://scorestream.com/game/barrie-north-collegiate-institute-vs-nantyr-shores-1515003,https://scorestream.com/team/barrie-north-collegiate-institute-vikings-291207,291207
2017-11-08,2017,Varsity,École Secondaire Catholique Franco-Cité Faucons (ON),ON,Glebe Collegiate Institute (ON),ON,0,41,https://scorestream.com/game/cole-secondaire-catholique-franco-cit-vs-glebe-collegiate-institute-1473332,https://scorestream.com/team/glebe-collegiate-institute-gryphons-298301,298301
2017-11-08,2017,Varsity,Immaculata Saints (ON),ON,Holy Trinity Catholic (Kanata),,22,7,https://scorestream.com/game/holy-trinity-catholic-high-school-kanata-vs-immaculata-1473335,https://scorestream.com/team/holy-trinity-catholic-high-school-kanata-tornadoes-298302,298302
2017-11-08,2017,Varsity,St. Matthew Tigers (ON),ON,St Peter Catholic (ON),ON,7,18,https://scorestream.com/game/st-peter-catholic-vs-st-matthew-1473333,https://scorestream.com/team/st-peter-catholic-high-school-knights-279110,279110
2017-11-09,2017,Varsity,Ashbury College Colts (ON),ON,St. Mark Catholic (ON),ON,14,40,https://scorestream.com/game/st-mark-catholic-vs-ashbury-college-1473338,https://scorestream.com/team/st-mark-catholic-high-school-lions-298300,298300
2017-11-09,2017,Varsity,Nantyr Shores Tritons (ON),ON,Bear Creek (ON),ON,38,0,https://scorestream.com/game/bear-creek-vs-nantyr-shores-1518668,https://scorestream.com/team/bear-creek-secondary-school-kodiaks-291267,291267
2017-11-09,2017,Varsity,Fenelon Falls Falcons (ON),ON,Quinte (ON),ON,0,38,https://scorestream.com/game/fenelon-falls-vs-quinte-1518667,https://scorestream.com/team/quinte-secondary-school-saints-279789,279789
2017-11-10,2017,Varsity,Tecumseh Vista Vortex (ON),ON,École Secondaire Catholique L'Essor (ON),ON,14,49,https://scorestream.com/game/cole-secondaire-catholique-lessor-vs-tecumseh-vista-1518581,https://scorestream.com/team/cole-secondaire-catholique-lessor-eagles-297897,297897
2017-11-11,2017,Varsity,West Ferris Trojans (ON),ON,Korah (ON),ON,24,25,https://scorestream.com/game/west-ferris-vs-korah-1519735,https://scorestream.com/team/korah-collegiate-and-vocational-school-colts-279565,279565
2017-11-14,2017,Varsity,Colonel By Cougars (ON),ON,Glebe Collegiate Institute (ON),ON,40,18,https://scorestream.com/game/glebe-collegiate-institute-vs-colonel-by-1524957,https://scorestream.com/team/glebe-collegiate-institute-gryphons-298301,298301
2017-11-14,2017,Varsity,Immaculata Saints (ON),ON,École Secondaire Catholique Franco-Cité (ON),ON,3,23,https://scorestream.com/game/cole-secondaire-catholique-franco-cit-vs-immaculata-1524958,https://scorestream.com/team/cole-secondaire-catholique-franco-cit-faucons-291350,291350
2017-11-14,2017,Varsity,St. Mark Catholic Lions (ON),ON,Philemon Wright (QC),QC,25,23,https://scorestream.com/game/philemon-wright-vs-st-mark-catholic-1524963,https://scorestream.com/team/philemon-wright-high-school-falcons-291529,291529
2017-11-14,2017,Varsity,St Peter Catholic Knights (ON),ON,St. Joseph (ON),ON,6,33,https://scorestream.com/game/st-peter-catholic-vs-st-joseph-1524962,https://scorestream.com/team/st-joseph-high-school-jaguars-297361,297361
2017-11-15,2017,Varsity,Mckinnon Park Blue Devils (ON),ON,Sir Allan Macnab (ON),ON,48,56,https://scorestream.com/game/sir-allan-macnab-vs-mckinnon-park-1525055,https://scorestream.com/team/sir-allan-macnab-secondary-lions-279075,279075
2017-11-16,2017,Varsity,Nantyr Shores Tritons (ON),ON,St Joan Of Arc Catholic (ON),ON,7,28,https://scorestream.com/game/nantyr-shores-vs-st-joan-of-arc-catholic-1524909,https://scorestream.com/team/st-joan-of-arc-catholic-high-school-knights-279108,279108
2017-11-18,2017,Varsity,Colonel By Cougars (ON),ON,École Secondaire Catholique Franco-Cité (ON),ON,17,14,https://scorestream.com/game/cole-secondaire-catholique-franco-cit-vs-colonel-by-1540078,https://scorestream.com/team/cole-secondaire-catholique-franco-cit-faucons-291350,291350
2017-11-18,2017,Varsity,Huron Heights Warriors (ON),ON,King City (ON),ON,0,38,https://scorestream.com/game/huron-heights-vs-king-city-1524912,https://scorestream.com/team/king-city-secondary-school-lions-298039,298039
2017-11-18,2017,Varsity,Mckinnon Park Blue Devils (ON),ON,Sir Allan Macnab (ON),ON,56,48,https://scorestream.com/game/mckinnon-park-vs-sir-allan-macnab-1538546,https://scorestream.com/team/sir-allan-macnab-secondary-lions-279075,279075
2017-11-18,2017,Varsity,St Peter Catholic Knights (ON),ON,St. Mark Catholic (ON),ON,36,0,https://scorestream.com/game/st-mark-catholic-vs-st-peter-catholic-1540073,https://scorestream.com/team/st-mark-catholic-high-school-lions-298300,298300
2017-11-24,2017,Varsity,École Secondaire Catholique Franco-Cité Faucons (ON),ON,St. Mary (ON),ON,0,3,https://scorestream.com/game/cole-secondaire-catholique-franco-cit-vs-st-mary-1544103,https://scorestream.com/team/st-mary-catholic-high-school-crusaders-281537,281537
2017-11-27,2017,Varsity,Nantyr Shores Tritons (ON),ON,Arnprior District (ON),ON,10,28,https://scorestream.com/game/arnprior-district-vs-nantyr-shores-1544110,https://scorestream.com/team/arnprior-district-high-school-rapids-283254,283254
2017-11-29,2017,Varsity,St. Matthew Tigers (ON),ON,Huron Heights (ON),ON,6,40,https://scorestream.com/game/huron-heights-vs-st-matthew-1540194,https://scorestream.com/team/huron-heights-secondary-warriors-297380,297380
2017-11-29,2017,Varsity,West Ferris Trojans (ON),ON,Sir Winston Churchill Collegiate And Voc Institute (ON),ON,14,36,https://scorestream.com/game/sir-winston-churchill-collegiate-and-voc-institute-vs-west-ferris-1544117,https://scorestream.com/team/sir-winston-churchill-collegiate-and-vocational-institute-trojans-298041,298041
2018-03-21,2018,Varsity,St. Mark Catholic Lions (ON),ON,Timmins High And Voc (ON),ON,4,1,https://scorestream.com/game/st-mark-catholic-vs-timmins-high-and-voc-1881993,https://scorestream.com/team/timmins-high-and-vocational-school-lions-300685,300685
2018-03-28,2018,Varsity,Tecumseh Vista Vortex (ON),ON,Leamington District (ON),ON,4,3,https://scorestream.com/game/leamington-district-vs-tecumseh-vista-1889633,https://scorestream.com/team/leamington-district-secondary-school-lions-291195,291195
2018-06-04,2018,Varsity,Thomas A. Stewart Griffins (ON),ON,Cardinal Newman Catholic (ON),ON,26,10,https://scorestream.com/game/cardinal-newman-catholic-vs-thomas-a-stewart-1966345,https://scorestream.com/team/cardinal-newman-catholic-secondary-school-cardinals-279766,279766
2018-06-04,2018,Varsity,Glebe Collegiate Institute Gryphons (ON),ON,Stouffville District (ON),ON,19,0,https://scorestream.com/game/stouffville-district-vs-glebe-collegiate-institute-1966302,https://scorestream.com/team/stouffville-district-secondary-school-spartans-301253,301253
2018-06-05,2018,Varsity,Thomas A. Stewart Griffins (ON),ON,Bear Creek (ON),ON,27,7,https://scorestream.com/game/bear-creek-vs-thomas-a-stewart-1966760,https://scorestream.com/team/bear-creek-secondary-school-kodiaks-291267,291267
2018-06-05,2018,Varsity,Glebe Collegiate Institute Gryphons (ON),ON,David And Mary Thomson Collegiate Institute (ON),ON,31,7,https://scorestream.com/game/david-and-mary-thomson-collegiate-institute-vs-glebe-collegiate-institute-1966751,https://scorestream.com/team/david-and-mary-thomson-collegiate-institute-titans-279706,279706
2018-06-06,2018,Varsity,Arnprior District Rapids (ON),ON,St Roch Catholic (ON),ON,14,15,https://scorestream.com/game/arnprior-district-vs-st-roch-catholic-1967136,https://scorestream.com/team/st-roch-catholic-secondary-ravens-280092,280092
2018-06-07,2018,Varsity,Ashbury College Colts (ON),ON,Holy Trinity Catholic (ON),ON,33,5,https://scorestream.com/game/holy-trinity-catholic-vs-ashbury-college-1967715,https://scorestream.com/team/holy-trinity-catholic-high-school-titans-279549,279549
2018-06-07,2018,Varsity,Regiopolis-Notre Dame Panthers (ON),ON,Northern (ON),ON,14,10,https://scorestream.com/game/northern-vs-regiopolis-notre-dame-1967559,https://scorestream.com/team/northern-secondary-school-red-knights-279727,279727
2018-06-07,2018,Varsity,St. Peter Catholic Saints (ON),ON,Oakville Trafalgar (ON),ON,65,0,https://scorestream.com/game/st-peter-catholic-vs-oakville-trafalgar-1967665,https://scorestream.com/team/oakville-trafalgar-high-school-red-devils-279758,279758
2018-06-08,2018,Varsity,Ashbury College Colts (ON),ON,Napanee District (ON),ON,6,3,https://scorestream.com/game/napanee-district-vs-ashbury-college-1968340,https://scorestream.com/team/napanee-district-secondary-school-hawks-287381,287381
2018-06-08,2018,Varsity,Oakville Trafalgar Red Devils (ON),ON,Medway (ON),ON,20,0,https://scorestream.com/game/oakville-trafalgar-vs-medway-1968442,https://scorestream.com/team/medway-high-school-cowboys-290975,290975
2018-09-01,2018,Varsity,St. Matthew Tigers (ON),ON,Stoneman Douglas (FL),FL,6,30,https://scorestream.com/game/stoneman-douglas-vs-st-matthew-2067655,https://scorestream.com/team/marjory-stoneman-douglas-eagles-4006,4006
2018-09-07,2018,Varsity,Huron Heights Warriors (ON),ON,St. Marcellinus (ON),ON,38,0,https://scorestream.com/game/st-marcellinus-vs-huron-heights-2061797,https://scorestream.com/team/st-marcellinus-secondary-school-spirit-291260,291260
2018-09-14,2018,Varsity,Ernestown Eagles (ON),ON,Sydenham (ON),ON,41,0,https://scorestream.com/game/ernestown-vs-sydenham-2068926,https://scorestream.com/team/sydenham-high-school-golden-eagles-283158,283158
2018-09-14,2018,Varsity,Regiopolis-Notre Dame Panthers (ON),ON,Frontenac (ON),ON,49,39,https://scorestream.com/game/regiopolis-notre-dame-vs-frontenac-2068932,https://scorestream.com/team/frontenac-secondary-school-falcons-282916,282916
2018-09-14,2018,Varsity,West Ferris Trojans (ON),ON,St. Joseph-Scollard Hall Catholic (ON),ON,22,22,https://scorestream.com/game/st-joseph-scollard-hall-catholic-vs-west-ferris-2071446,https://scorestream.com/team/st-joseph-scollard-hall-catholic-secondary-school-bears-297903,297903
2018-09-14,2018,Varsity,École Secondaire Catholique Algonquin Barons (ON),ON,Widdifield (ON),ON,8,16,https://scorestream.com/game/cole-secondaire-catholique-algonquin-vs-widdifield-2071445,https://scorestream.com/team/widdifield-secondary-school-wildcats-291347,291347
2018-09-15,2018,Varsity,Huron Heights Warriors (ON),ON,St. Michaels College (ON),ON,22,25,https://scorestream.com/game/st-michaels-college-vs-huron-heights-2061799,https://scorestream.com/team/st-michaels-college-school-raiders-279544,279544
2018-09-17,2018,Varsity,Almonte And District Thuderbolts (ON),ON,Renfrew Collegiate Institute (ON),ON,55,0,https://scorestream.com/game/renfrew-collegiate-institute-vs-almonte-and-district-2082263,https://scorestream.com/team/renfrew-collegiate-institute-raiders-282041,282041
2018-09-17,2018,Varsity,Arnprior District Rapids (ON),ON,Smiths Falls District Collegiate Institute (ON),ON,55,0,https://scorestream.com/game/smiths-falls-district-collegiate-institute-vs-arnprior-district-2071361,https://scorestream.com/team/smiths-falls-district-collegiate-institute-redhawks-281720,281720
2018-09-20,2018,Varsity,Huron Heights Warriors (ON),ON,Catholic Central (ON),ON,28,31,https://scorestream.com/game/catholic-central-vs-huron-heights-2061800,https://scorestream.com/team/catholic-central-high-school-crusaders-283212,283212
2018-09-20,2018,Varsity,Colonel By Cougars (ON),ON,Collège Catholique Mer Bleue (ON),ON,32,12,https://scorestream.com/game/collge-catholique-mer-bleue-vs-colonel-by-2074544,https://scorestream.com/team/collge-catholique-mer-bleue-loups-302592,302592
2018-09-20,2018,Varsity,Colonel By Cougars (ON),ON,Philemon Wright (QC),QC,12,32,https://scorestream.com/game/colonel-by-vs-philemon-wright-2084372,https://scorestream.com/team/philemon-wright-high-school-falcons-291529,291529
2018-09-20,2018,Varsity,Haliburton Highlands Redhawks (ON),ON,Fenelon Falls (ON),ON,23,1,https://scorestream.com/game/haliburton-highlands-vs-fenelon-falls-2078711,https://scorestream.com/team/fenelon-falls-secondary-school-falcons-279802,279802
2018-09-20,2018,Varsity,Frontenac Falcons (ON),ON,Sydenham (ON),ON,14,19,https://scorestream.com/game/sydenham-vs-frontenac-2068936,https://scorestream.com/team/sydenham-high-school-golden-eagles-283158,283158
2018-09-21,2018,Varsity,Almonte And District Thuderbolts (ON),ON,Fellowes (ON),ON,55,3,https://scorestream.com/game/fellowes-vs-almonte-and-district-2084060,https://scorestream.com/team/fellowes-high-school-falcons-282917,282917
2018-09-21,2018,Varsity,Arnprior District Rapids (ON),ON,St John Catholic (ON),ON,13,21,https://scorestream.com/game/arnprior-district-vs-st-john-catholic-2071364,https://scorestream.com/team/st-john-catholic-high-school-spartans-283147,283147
2018-09-21,2018,Varsity,Ernestown Eagles (ON),ON,Bayridge (ON),ON,29,6,https://scorestream.com/game/bayridge-vs-ernestown-2068943,https://scorestream.com/team/bayridge-secondary-school-blazers-283177,283177
2018-09-21,2018,Varsity,West Ferris Trojans (ON),ON,Chippewa (ON),ON,0,0,https://scorestream.com/game/west-ferris-vs-chippewa-2071451,https://scorestream.com/team/chippewa-secondary-school-raiders-298447,298447
2018-09-21,2018,Varsity,Thomas A. Stewart Griffins (ON),ON,Crestwood (ON),ON,37,7,https://scorestream.com/game/thomas-a-stewart-vs-crestwood-2078712,https://scorestream.com/team/crestwood-secondary-school-mustangs-279801,279801
2018-09-21,2018,Varsity,Tecumseh Vista Vortex (ON),ON,F. J. Brennan Catholic (ON),ON,14,23,https://scorestream.com/game/tecumseh-vista-vs-f-j-brennan-catholic-2068568,https://scorestream.com/team/f-j-brennan-catholic-high-school-cardinal-291216,291216
2018-09-21,2018,Varsity,St. Matthew Tigers (ON),ON,Glebe Collegiate Institute (ON),ON,0,35,https://scorestream.com/game/st-matthew-vs-glebe-collegiate-institute-2084374,https://scorestream.com/team/glebe-collegiate-institute-gryphons-298301,298301
2018-09-21,2018,Varsity,Regiopolis-Notre Dame Panthers (ON),ON,Kcvi (ON),ON,8,37,https://scorestream.com/game/regiopolis-notre-dame-vs-kcvi-2068941,https://scorestream.com/team/kcvi-blues-282956,282956
2018-09-21,2018,Varsity,St Peter Catholic Knights (ON),ON,Sir Wilfrid Laurier (ON),ON,42,6,https://scorestream.com/game/sir-wilfrid-laurier-vs-st-peter-catholic-2084377,https://scorestream.com/team/sir-wilfrid-laurier-secondary-school-lancers-302593,302593
2018-09-21,2018,Varsity,École Secondaire Catholique Algonquin Barons (ON),ON,St. Joseph-Scollard Hall Catholic (ON),ON,2,17,https://scorestream.com/game/st-joseph-scollard-hall-catholic-vs-cole-secondaire-catholique-algonquin-2071452,https://scorestream.com/team/st-joseph-scollard-hall-catholic-secondary-school-bears-297903,297903
2018-09-21,2018,JV,West Ferris Trojans JV (ON),ON,École Secondaire Catholique Algonquin JV (ON),ON,41,27,https://scorestream.com/game/west-ferris-vs-cole-secondaire-catholique-algonquin-2083515,https://scorestream.com/team/cole-secondaire-catholique-algonquin-barons-291349,291349
2018-09-22,2018,Varsity,Adam Scott Collegiate Lions (ON),ON,Holy Cross (ON),ON,0,0,https://scorestream.com/game/holy-cross-vs-adam-scott-collegiate-2078713,https://scorestream.com/team/holy-cross-high-school-hurricanes-279804,279804
2018-09-22,2018,Varsity,Immaculata Saints (ON),ON,Ashbury College (ON),ON,7,36,https://scorestream.com/game/ashbury-college-vs-immaculata-2074548,https://scorestream.com/team/ashbury-college-colts-279779,279779
2018-09-22,2018,JV,Frontenac Falcons JV (ON),ON,Sydenham JV (ON),ON,20,11,https://scorestream.com/game/sydenham-vs-frontenac-2085001,https://scorestream.com/team/sydenham-high-school-golden-eagles-283158,283158
2018-09-23,2018,JV,Ernestown Eagles JV (ON),ON,Bayridge JV (ON),ON,26,7,https://scorestream.com/game/ernestown-vs-bayridge-2085255,https://scorestream.com/team/bayridge-secondary-school-blazers-283177,283177
2018-09-26,2018,JV,Haliburton Highlands Redhawks JV (ON),ON,Crestwood JV (ON),ON,12,20,https://scorestream.com/game/haliburton-highlands-vs-crestwood-2088110,https://scorestream.com/team/crestwood-secondary-school-mustangs-279801,279801
2018-09-26,2018,Varsity,Ernestown Eagles (ON),ON,Holy Cross Catholic (ON),ON,42,7,https://scorestream.com/game/ernestown-vs-holy-cross-catholic-2068946,https://scorestream.com/team/holy-cross-catholic-secondary-school-raiders-297760,297760
2018-09-26,2018,Varsity,St. Peter Catholic Saints (ON),ON,Fenelon Falls (ON),ON,12,32,https://scorestream.com/game/fenelon-falls-vs-st-peter-catholic-2078715,https://scorestream.com/team/fenelon-falls-secondary-school-falcons-279802,279802
2018-09-26,2018,Varsity,Frontenac Falcons (ON),ON,La Salle (ON),ON,27,14,https://scorestream.com/game/frontenac-vs-la-salle-2068944,https://scorestream.com/team/la-salle-secondary-school-black-knights-283157,283157
2018-09-27,2018,Varsity,Thomas A. Stewart Griffins (ON),ON,Adam Scott Collegiate (ON),ON,50,20,https://scorestream.com/game/adam-scott-collegiate-vs-thomas-a-stewart-2078717,https://scorestream.com/team/adam-scott-collegiate-lions-279077,279077
2018-09-27,2018,Varsity,Almonte And District Thuderbolts (ON),ON,Smiths Falls District Collegiate Institute (ON),ON,1,0,https://scorestream.com/game/smiths-falls-district-collegiate-institute-vs-almonte-and-district-2090361,https://scorestream.com/team/smiths-falls-district-collegiate-institute-redhawks-281720,281720
2018-09-27,2018,Varsity,Ashbury College Colts (ON),ON,St. Joseph (ON),ON,11,8,https://scorestream.com/game/st-joseph-vs-ashbury-college-2090382,https://scorestream.com/team/st-joseph-high-school-jaguars-297361,297361
2018-09-27,2018,Varsity,Colonel By Cougars (ON),ON,Sir Wilfrid Laurier (ON),ON,6,7,https://scorestream.com/game/colonel-by-vs-sir-wilfrid-laurier-2074552,https://scorestream.com/team/sir-wilfrid-laurier-rams-298139,298139
2018-09-27,2018,Varsity,Crestwood Mustangs (ON),ON,Haliburton Highlands (ON),ON,0,0,https://scorestream.com/game/haliburton-highlands-vs-crestwood-2078716,https://scorestream.com/team/haliburton-highlands-secondary-school-redhawks-279803,279803
2018-09-27,2018,JV,St. Peter Catholic Saints JV (ON),ON,Fenelon Falls JV (ON),ON,24,12,https://scorestream.com/game/fenelon-falls-vs-st-peter-catholic-2088500,https://scorestream.com/team/fenelon-falls-secondary-school-falcons-279802,279802
2018-09-27,2018,Varsity,Huron Heights Warriors (ON),ON,St. Marcellinus (ON),ON,22,35,https://scorestream.com/game/huron-heights-vs-st-marcellinus-2061803,https://scorestream.com/team/st-marcellinus-secondary-school-spirit-291260,291260
2018-09-27,2018,Varsity,Oakville Trafalgar Red Devils (ON),ON,Milton District (ON),ON,15,8,https://scorestream.com/game/oakville-trafalgar-vs-milton-district-2089114,https://scorestream.com/team/milton-district-high-school-mustangs-279754,279754
2018-09-27,2018,Varsity,Sydenham Golden Eagles (ON),ON,Napanee District (ON),ON,1,34,https://scorestream.com/game/sydenham-vs-napanee-district-2068947,https://scorestream.com/team/napanee-district-secondary-school-hawks-287381,287381
2018-09-27,2018,Varsity,St. Matthew Tigers (ON),ON,Philemon Wright (QC),QC,0,0,https://scorestream.com/game/philemon-wright-vs-st-matthew-2074551,https://scorestream.com/team/philemon-wright-high-school-falcons-291529,291529
2018-09-28,2018,Varsity,Arnprior District Rapids (ON),ON,Fellowes (ON),ON,0,71,https://scorestream.com/game/arnprior-district-vs-fellowes-2071365,https://scorestream.com/team/fellowes-high-school-falcons-282917,282917
2018-09-28,2018,Varsity,Tecumseh Vista Vortex (ON),ON,Leamington District (ON),ON,0,0,https://scorestream.com/game/tecumseh-vista-vs-leamington-district-2068580,https://scorestream.com/team/leamington-district-secondary-school-lions-291195,291195
2018-09-29,2018,Varsity,West Ferris Trojans (ON),ON,Chippewa (ON),ON,33,0,https://scorestream.com/game/chippewa-vs-west-ferris-2091620,https://scorestream.com/team/chippewa-secondary-school-raiders-298447,298447
2018-09-29,2018,Varsity,École Secondaire Catholique Algonquin Barons (ON),ON,St. Joseph-Scollard Hall Catholic (ON),ON,0,6,https://scorestream.com/game/st-joseph-scollard-hall-catholic-vs-cole-secondaire-catholique-algonquin-2091619,https://scorestream.com/team/st-joseph-scollard-hall-catholic-secondary-school-bears-297903,297903
2018-09-30,2018,Varsity,Trinity College Bears (ON),ON,Upper Canada (ON),ON,32,14,https://scorestream.com/game/trinity-college-vs-upper-canada-2091881,https://scorestream.com/team/upper-canada-college-blues-279783,279783
2018-10-01,2018,JV,Crestwood Mustangs JV (ON),ON,Haliburton Highlands JV (ON),ON,35,13,https://scorestream.com/game/crestwood-vs-haliburton-highlands-2092827,https://scorestream.com/team/haliburton-highlands-secondary-school-redhawks-279803,279803
2018-10-02,2018,Varsity,Oakville Trafalgar Red Devils (ON),ON,T.A. Blakelock (ON),ON,1,0,https://scorestream.com/game/ta-blakelock-vs-oakville-trafalgar-2095351,https://scorestream.com/team/ta-blakelock-high-school-tigers-279761,279761
2018-10-03,2018,JV,Arnprior District Rapids JV (ON),ON,Almonte And District JV (ON),ON,27,9,https://scorestream.com/game/almonte-and-district-vs-arnprior-district-2094682,https://scorestream.com/team/almonte-and-district-high-school-thuderbolts-291263,291263
2018-10-03,2018,Varsity,Ashbury College Colts (ON),ON,Glebe Collegiate Institute (ON),ON,34,0,https://scorestream.com/game/glebe-collegiate-institute-vs-ashbury-college-2074555,https://scorestream.com/team/glebe-collegiate-institute-gryphons-298301,298301
2018-10-03,2018,Varsity,Huron Heights Warriors (ON),ON,St Andrew'S (ON),ON,46,21,https://scorestream.com/game/st-andrews-vs-huron-heights-2061804,https://scorestream.com/team/saint-andrews-college-saints-279781,279781
2018-10-04,2018,Varsity,Arnprior District Rapids (ON),ON,Renfrew Collegiate Institute (ON),ON,1,0,https://scorestream.com/game/renfrew-collegiate-institute-vs-arnprior-district-2097399,https://scorestream.com/team/renfrew-collegiate-institute-raiders-282041,282041
2018-10-04,2018,Varsity,Cardinal Carter Cougars (ON),ON,Tecumseh Vista (ON),ON,38,6,https://scorestream.com/game/cardinal-carter-vs-tecumseh-vista-2068585,https://scorestream.com/team/tecumseh-vista-academy-vortex-291194,291194
2018-10-04,2018,Varsity,Colonel By Cougars (ON),ON,École Secondaire Catholique Franco-Cité (ON),ON,18,27,https://scorestream.com/game/cole-secondaire-catholique-franco-cit-vs-colonel-by-2074561,https://scorestream.com/team/cole-secondaire-catholique-franco-cit-faucons-291350,291350
2018-10-04,2018,Varsity,Thomas A. Stewart Griffins (ON),ON,Fenelon Falls (ON),ON,18,46,https://scorestream.com/game/thomas-a-stewart-vs-fenelon-falls-2078718,https://scorestream.com/team/fenelon-falls-secondary-school-falcons-279802,279802
2018-10-04,2018,Varsity,West Ferris Trojans (ON),ON,Franco-Cite (ON),ON,43,12,https://scorestream.com/game/franco-cite-vs-west-ferris-2071459,https://scorestream.com/team/franco-cite-patriotes-298448,298448
2018-10-04,2018,Varsity,Immaculata Saints (ON),ON,St Peter Catholic (ON),ON,14,34,https://scorestream.com/game/st-peter-catholic-vs-immaculata-2074556,https://scorestream.com/team/st-peter-catholic-high-school-knights-279110,279110
2018-10-04,2018,Varsity,Sir Wilfrid Laurier Lancers (ON),ON,Philemon Wright (QC),QC,16,14,https://scorestream.com/game/sir-wilfrid-laurier-vs-philemon-wright-2096574,https://scorestream.com/team/philemon-wright-high-school-falcons-291529,291529
2018-10-05,2018,Varsity,St. Peter Catholic Saints (ON),ON,Crestwood (ON),ON,7,28,https://scorestream.com/game/crestwood-vs-st-peter-catholic-2078720,https://scorestream.com/team/crestwood-secondary-school-mustangs-279801,279801
2018-10-05,2018,Varsity,Holy Cross Hurricanes (ON),ON,Haliburton Highlands (ON),ON,7,19,https://scorestream.com/game/holy-cross-vs-haliburton-highlands-2078719,https://scorestream.com/team/haliburton-highlands-secondary-school-redhawks-279803,279803
2018-10-05,2018,Varsity,Regiopolis-Notre Dame Panthers (ON),ON,Holy Cross Catholic (ON),ON,30,35,https://scorestream.com/game/holy-cross-catholic-vs-regiopolis-notre-dame-2068953,https://scorestream.com/team/holy-cross-catholic-secondary-school-raiders-297760,297760
2018-10-05,2018,Varsity,Sydenham Golden Eagles (ON),ON,La Salle (ON),ON,20,24,https://scorestream.com/game/la-salle-vs-sydenham-2068955,https://scorestream.com/team/la-salle-secondary-school-black-knights-283157,283157
2018-10-06,2018,Varsity,Arnprior District Rapids (ON),ON,Renfrew Collegiate Institute (ON),ON,1,0,https://scorestream.com/game/renfrew-collegiate-institute-vs-arnprior-district-2071366,https://scorestream.com/team/renfrew-collegiate-institute-raiders-282041,282041
2018-10-06,2018,Varsity,Huron Heights Warriors (ON),ON,St. Michaels College (ON),ON,1,0,https://scorestream.com/game/st-michaels-college-vs-huron-heights-2066766,https://scorestream.com/team/st-michaels-college-school-raiders-279544,279544
2018-10-07,2018,JV,St. Peter Catholic Saints JV (ON),ON,Crestwood JV (ON),ON,39,34,https://scorestream.com/game/crestwood-vs-st-peter-catholic-2098055,https://scorestream.com/team/crestwood-secondary-school-mustangs-279801,279801
2018-10-09,2018,JV,Arnprior District Rapids JV (ON),ON,Carleton Place JV (ON),ON,4,0,https://scorestream.com/game/carleton-place-vs-arnprior-district-2100080,https://scorestream.com/team/carleton-place-high-school-bears-282918,282918
2018-10-11,2018,Varsity,Ashbury College Colts (ON),ON,Collège Catholique Mer Bleue (ON),ON,21,10,https://scorestream.com/game/ashbury-college-vs-collge-catholique-mer-bleue-2074566,https://scorestream.com/team/collge-catholique-mer-bleue-loups-302592,302592
2018-10-11,2018,Varsity,Frontenac Falcons (ON),ON,Bayridge (ON),ON,0,45,https://scorestream.com/game/frontenac-vs-bayridge-2068956,https://scorestream.com/team/bayridge-secondary-school-blazers-283177,283177
2018-10-11,2018,Varsity,Holy Names Catholic Knights (ON),ON,Catholic Central (ON),ON,0,42,https://scorestream.com/game/holy-names-catholic-vs-catholic-central-2068598,https://scorestream.com/team/catholic-central-high-school-comets-297899,297899
2018-10-11,2018,Varsity,Immaculata Saints (ON),ON,Colonel By (ON),ON,8,24,https://scorestream.com/game/immaculata-vs-colonel-by-2074563,https://scorestream.com/team/colonel-by-secondary-school-cougars-298304,298304
2018-10-11,2018,Varsity,St. Peter Catholic Saints (ON),ON,Holy Cross (ON),ON,52,7,https://scorestream.com/game/st-peter-catholic-vs-holy-cross-2078721,https://scorestream.com/team/holy-cross-high-school-hurricanes-279804,279804
2018-10-11,2018,Varsity,Sir Wilfrid Laurier Lancers (ON),ON,St. Joseph (ON),ON,28,3,https://scorestream.com/game/sir-wilfrid-laurier-vs-st-joseph-2074564,https://scorestream.com/team/st-joseph-high-school-jaguars-297361,297361
2018-10-12,2018,Varsity,Oakville Trafalgar Red Devils (ON),ON,Abbey Park (ON),ON,28,15,https://scorestream.com/game/abbey-park-vs-oakville-trafalgar-2104325,https://scorestream.com/team/abbey-park-high-school-eagles-279740,279740
2018-10-12,2018,Varsity,Crestwood Mustangs (ON),ON,Fenelon Falls (ON),ON,39,0,https://scorestream.com/game/fenelon-falls-vs-crestwood-2078722,https://scorestream.com/team/fenelon-falls-secondary-school-falcons-279802,279802
2018-10-12,2018,JV,Crestwood Mustangs JV (ON),ON,Fenelon Falls JV (ON),ON,21,16,https://scorestream.com/game/fenelon-falls-vs-crestwood-2104074,https://scorestream.com/team/fenelon-falls-secondary-school-falcons-279802,279802
2018-10-12,2018,Varsity,Tecumseh Vista Vortex (ON),ON,E.J. Lajeunesse Catholic (ON),ON,6,35,https://scorestream.com/game/tecumseh-vista-vs-ej-lajeunesse-catholic-2068604,https://scorestream.com/team/ej-lajeunesse-catholic-high-school-lions-279561,279561
2018-10-12,2018,JV,Regiopolis-Notre Dame Panthers JV (ON),ON,Ernestown JV (ON),ON,13,17,https://scorestream.com/game/ernestown-vs-regiopolis-notre-dame-2104105,https://scorestream.com/team/ernestown-secondary-school-eagles-298007,298007
2018-10-12,2018,Varsity,Regiopolis-Notre Dame Panthers (ON),ON,Sydenham (ON),ON,25,17,https://scorestream.com/game/regiopolis-notre-dame-vs-sydenham-2068960,https://scorestream.com/team/sydenham-high-school-golden-eagles-283158,283158
2018-10-13,2018,Varsity,Trinity College Bears (ON),ON,St Andrew'S (ON),ON,30,20,https://scorestream.com/game/trinity-college-vs-st-andrews-2071411,https://scorestream.com/team/saint-andrews-college-saints-279781,279781
2018-10-14,2018,Varsity,St. Matthew Tigers (ON),ON,St. Joseph (ON),ON,25,7,https://scorestream.com/game/st-joseph-vs-st-matthew-2104953,https://scorestream.com/team/st-joseph-high-school-jaguars-297361,297361
2018-10-15,2018,Varsity,Cardinal Carter Cougars (ON),ON,Blenheim (ON),ON,28,14,https://scorestream.com/game/cardinal-carter-vs-blenheim-2105684,https://scorestream.com/team/blenheim-high-school-bobcats-286904,286904
2018-10-15,2018,Varsity,Crestwood Mustangs (ON),ON,Fenelon Falls (ON),ON,40,0,https://scorestream.com/game/crestwood-vs-fenelon-falls-2105349,https://scorestream.com/team/fenelon-falls-secondary-school-falcons-279802,279802
2018-10-15,2018,Varsity,St. Peter Catholic Saints (ON),ON,St. Theresa Catholic (ON),ON,36,0,https://scorestream.com/game/st-peter-catholic-vs-st-theresa-catholic-2105738,https://scorestream.com/team/st-theresa-catholic-secondary-school-titans-279791,279791
2018-10-16,2018,JV,Cardinal Carter Cougars JV (ON),ON,Vincent Massey JV (ON),ON,29,12,https://scorestream.com/game/vincent-massey-vs-cardinal-carter-2107309,https://scorestream.com/team/vincent-massey-secondary-school-mustangs-290333,290333
2018-10-17,2018,JV,St. Matthew Tigers JV (ON),ON,Almonte And District JV (ON),ON,38,13,https://scorestream.com/game/almonte-and-district-vs-st-matthew-2107671,https://scorestream.com/team/almonte-and-district-high-school-thuderbolts-291263,291263
2018-10-17,2018,Varsity,Almonte And District Thuderbolts (ON),ON,Mackenzie (ON),ON,10,0,https://scorestream.com/game/mackenzie-vs-almonte-and-district-2107635,https://scorestream.com/team/mackenzie-community-school-mustangs-283255,283255
2018-10-18,2018,Varsity,Oakville Trafalgar Red Devils (ON),ON,Abbey Park (ON),ON,12,7,https://scorestream.com/game/abbey-park-vs-oakville-trafalgar-2109674,https://scorestream.com/team/abbey-park-high-school-eagles-279740,279740
2018-10-18,2018,Varsity,Crestwood Mustangs (ON),ON,Adam Scott Collegiate (ON),ON,13,40,https://scorestream.com/game/crestwood-vs-adam-scott-collegiate-2078724,https://scorestream.com/team/adam-scott-collegiate-lions-279077,279077
2018-10-18,2018,Varsity,Sydenham Golden Eagles (ON),ON,Bayridge (ON),ON,16,34,https://scorestream.com/game/sydenham-vs-bayridge-2068965,https://scorestream.com/team/bayridge-secondary-school-blazers-283177,283177
2018-10-18,2018,JV,Sydenham Golden Eagles JV (ON),ON,Bayridge JV (ON),ON,27,7,https://scorestream.com/game/bayridge-vs-sydenham-2109204,https://scorestream.com/team/bayridge-secondary-school-blazers-283177,283177
2018-10-18,2018,Varsity,Holy Trinity Catholic (Kanata) Tornadoes (ON),ON,Sir Wilfrid Laurier (ON),ON,35,7,https://scorestream.com/game/holy-trinity-catholic-high-school-kanata-vs-sir-wilfrid-laurier-2074571,https://scorestream.com/team/sir-wilfrid-laurier-secondary-school-lancers-302593,302593
2018-10-18,2018,Varsity,Immaculata Saints (ON),ON,Philemon Wright (QC),QC,21,12,https://scorestream.com/game/philemon-wright-vs-immaculata-2109633,https://scorestream.com/team/philemon-wright-high-school-falcons-291529,291529
2018-10-18,2018,Varsity,Tecumseh Vista Vortex (ON),ON,Riverside (ON),ON,0,35,https://scorestream.com/game/tecumseh-vista-vs-riverside-2068613,https://scorestream.com/team/riverside-secondary-school-rebels-298006,298006
2018-10-18,2018,Varsity,St. Matthew Tigers (ON),ON,St Peter Catholic (ON),ON,4,13,https://scorestream.com/game/st-peter-catholic-vs-st-matthew-2074570,https://scorestream.com/team/st-peter-catholic-high-school-knights-279110,279110
2018-10-19,2018,Varsity,Arnprior District Rapids (ON),ON,Almonte And District (ON),ON,5,26,https://scorestream.com/game/almonte-and-district-vs-arnprior-district-2071369,https://scorestream.com/team/almonte-and-district-high-school-thuderbolts-291263,291263
2018-10-19,2018,JV,St. Matthew Tigers JV (ON),ON,Arnprior District JV (ON),ON,36,13,https://scorestream.com/game/st-matthew-vs-arnprior-district-2109935,https://scorestream.com/team/arnprior-district-high-school-rapids-283254,283254
2018-10-19,2018,Varsity,Cardinal Carter Cougars (ON),ON,F. J. Brennan Catholic (ON),ON,12,28,https://scorestream.com/game/cardinal-carter-vs-f-j-brennan-catholic-2068615,https://scorestream.com/team/f-j-brennan-catholic-high-school-cardinal-291216,291216
2018-10-19,2018,Varsity,Frontenac Falcons (ON),ON,Holy Cross Catholic (ON),ON,8,14,https://scorestream.com/game/holy-cross-catholic-vs-frontenac-2068969,https://scorestream.com/team/holy-cross-catholic-secondary-school-raiders-297760,297760
2018-10-19,2018,Varsity,Holy Names Catholic Knights (ON),ON,École Secondaire Catholique L'Essor (ON),ON,48,6,https://scorestream.com/game/cole-secondaire-catholique-lessor-vs-holy-names-catholic-2068614,https://scorestream.com/team/cole-secondaire-catholique-lessor-eagles-297897,297897
2018-10-19,2018,Varsity,Regiopolis-Notre Dame Panthers (ON),ON,La Salle (ON),ON,2,21,https://scorestream.com/game/la-salle-vs-regiopolis-notre-dame-2068968,https://scorestream.com/team/la-salle-secondary-school-black-knights-283157,283157
2018-10-19,2018,Varsity,Trinity College Bears (ON),ON,St. Michael'S College (ON),ON,21,43,https://scorestream.com/game/st-michaels-college-vs-trinity-college-2066772,https://scorestream.com/team/st-michaels-college-kerry-blues-298726,298726
2018-10-19,2018,Varsity,St. Peter Catholic Saints (ON),ON,Thomas A. Stewart (ON),ON,52,22,https://scorestream.com/game/st-peter-catholic-vs-thomas-a-stewart-2078726,https://scorestream.com/team/thomas-a-stewart-secondary-school-griffins-279816,279816
2018-10-23,2018,JV,Cardinal Carter Cougars JV (ON),ON,Belle River District JV (ON),ON,27,7,https://scorestream.com/game/cardinal-carter-vs-belle-river-district-2114973,https://scorestream.com/team/belle-river-district-high-school-nobles-291256,291256
2018-10-24,2018,Varsity,Frontenac Falcons (ON),ON,Ernestown (ON),ON,15,35,https://scorestream.com/game/frontenac-vs-ernestown-2068971,https://scorestream.com/team/ernestown-secondary-school-eagles-298007,298007
2018-10-24,2018,Varsity,St. Peter Catholic Saints (ON),ON,Haliburton Highlands (ON),ON,28,20,https://scorestream.com/game/st-peter-catholic-vs-haliburton-highlands-2078728,https://scorestream.com/team/haliburton-highlands-secondary-school-redhawks-279803,279803
2018-10-24,2018,Varsity,Regiopolis-Notre Dame Panthers (ON),ON,Napanee District (ON),ON,0,35,https://scorestream.com/game/regiopolis-notre-dame-vs-napanee-district-2068972,https://scorestream.com/team/napanee-district-secondary-school-hawks-287381,287381
2018-10-25,2018,Varsity,Ashbury College Colts (ON),ON,St. Matthew (ON),ON,13,22,https://scorestream.com/game/ashbury-college-vs-st-matthew-2113715,https://scorestream.com/team/st-matthew-high-school-tigers-292135,292135
2018-10-25,2018,Varsity,Cardinal Carter Cougars (ON),ON,E.J. Lajeunesse Catholic (ON),ON,47,6,https://scorestream.com/game/ej-lajeunesse-catholic-vs-cardinal-carter-2068618,https://scorestream.com/team/ej-lajeunesse-catholic-high-school-lions-279561,279561
2018-10-25,2018,Varsity,Colonel By Cougars (ON),ON,St. Joseph (ON),ON,25,19,https://scorestream.com/game/st-joseph-vs-colonel-by-2113711,https://scorestream.com/team/st-joseph-high-school-jaguars-297361,297361
2018-10-25,2018,Varsity,Thomas A. Stewart Griffins (ON),ON,Holy Cross (ON),ON,50,14,https://scorestream.com/game/holy-cross-vs-thomas-a-stewart-2078730,https://scorestream.com/team/holy-cross-high-school-hurricanes-279804,279804
2018-10-25,2018,Varsity,Oakville Trafalgar Red Devils (ON),ON,T.A. Blakelock (ON),ON,25,9,https://scorestream.com/game/ta-blakelock-vs-oakville-trafalgar-2116788,https://scorestream.com/team/ta-blakelock-high-school-tigers-279761,279761
2018-10-26,2018,Varsity,Arnprior District Rapids (ON),ON,Mackenzie (ON),ON,0,35,https://scorestream.com/game/arnprior-district-vs-mackenzie-2071370,https://scorestream.com/team/mackenzie-community-school-mustangs-283255,283255
2018-10-26,2018,Varsity,Holy Names Catholic Knights (ON),ON,Honourable W.C. Kennedy Collegiate (ON),ON,0,25,https://scorestream.com/game/holy-names-catholic-vs-honourable-wc-kennedy-collegiate-2068627,https://scorestream.com/team/honourable-wc-kennedy-collegiate-clippers-297900,297900
2018-10-27,2018,JV,St. Matthew Tigers JV (ON),ON,Arnprior District JV (ON),ON,21,8,https://scorestream.com/game/st-matthew-vs-arnprior-district-2119072,https://scorestream.com/team/arnprior-district-high-school-rapids-283254,283254
2018-10-29,2018,Varsity,Cardinal Carter Cougars (ON),ON,Riverside (ON),ON,20,13,https://scorestream.com/game/riverside-vs-cardinal-carter-2121867,https://scorestream.com/team/riverside-secondary-school-rebels-298006,298006
2018-10-31,2018,Varsity,Ashbury College Colts (ON),ON,Philemon Wright (QC),QC,30,7,https://scorestream.com/game/philemon-wright-vs-ashbury-college-2113727,https://scorestream.com/team/philemon-wright-high-school-falcons-291529,291529
2018-10-31,2018,JV,Cardinal Carter Cougars JV (ON),ON,Essex District JV (ON),ON,0,25,https://scorestream.com/game/cardinal-carter-vs-essex-district-2130543,https://scorestream.com/team/essex-district-high-school-raiders-291193,291193
2018-10-31,2018,Varsity,Colonel By Cougars (ON),ON,St. Mark Catholic (ON),ON,22,0,https://scorestream.com/game/colonel-by-vs-st-mark-catholic-2113731,https://scorestream.com/team/st-mark-catholic-high-school-lions-298300,298300
2018-10-31,2018,Varsity,Regiopolis-Notre Dame Panthers (ON),ON,Fenelon Falls (ON),ON,15,14,https://scorestream.com/game/regiopolis-notre-dame-vs-fenelon-falls-2128719,https://scorestream.com/team/fenelon-falls-secondary-school-falcons-279802,279802
2018-10-31,2018,Varsity,Sydenham Golden Eagles (ON),ON,Kcvi (ON),ON,27,8,https://scorestream.com/game/kcvi-vs-sydenham-2128716,https://scorestream.com/team/kcvi-blues-282956,282956
2018-11-01,2018,Varsity,Cardinal Carter Cougars (ON),ON,Leamington District (ON),ON,0,1,https://scorestream.com/game/cardinal-carter-vs-leamington-district-2068635,https://scorestream.com/team/leamington-district-secondary-school-lions-291195,291195
2018-11-01,2018,Varsity,Crestwood Mustangs (ON),ON,Holy Cross (ON),ON,0,27,https://scorestream.com/game/crestwood-vs-holy-cross-2078731,https://scorestream.com/team/holy-cross-high-school-hurricanes-279804,279804
2018-11-01,2018,Varsity,Oakville Trafalgar Red Devils (ON),ON,Milton District (ON),ON,7,21,https://scorestream.com/game/oakville-trafalgar-vs-milton-district-2128647,https://scorestream.com/team/milton-district-high-school-mustangs-279754,279754
2018-11-01,2018,Varsity,St. Peter Catholic Saints (ON),ON,St. Mary'S (ON),ON,4,0,https://scorestream.com/game/st-peter-catholic-vs-st-marys-2133273,https://scorestream.com/team/st-marys-high-school-eagles-283075,283075
2018-11-01,2018,Varsity,Trinity College Bears (ON),ON,Upper Canada (ON),ON,32,8,https://scorestream.com/game/trinity-college-vs-upper-canada-2113682,https://scorestream.com/team/upper-canada-college-blues-279783,279783
2018-11-02,2018,Varsity,St. Peter Catholic Saints (ON),ON,Adam Scott Collegiate (ON),ON,6,63,https://scorestream.com/game/adam-scott-collegiate-vs-st-peter-catholic-2078733,https://scorestream.com/team/adam-scott-collegiate-lions-279077,279077
2018-11-02,2018,JV,Regiopolis-Notre Dame Panthers JV (ON),ON,Frontenac JV (ON),ON,15,14,https://scorestream.com/game/frontenac-vs-regiopolis-notre-dame-2139324,https://scorestream.com/team/frontenac-secondary-school-falcons-282916,282916
2018-11-02,2018,Varsity,Tecumseh Vista Vortex (ON),ON,General Amherst (ON),ON,21,16,https://scorestream.com/game/tecumseh-vista-vs-general-amherst-2068637,https://scorestream.com/team/general-amherst-high-school-bulldogs-291217,291217
2018-11-03,2018,Varsity,Crestwood Mustangs (ON),ON,Brewster (NH),NH,78,104,https://scorestream.com/game/brewster-vs-crestwood-2141267,https://scorestream.com/team/brewster-academy-bobcats-277040,277040
2018-11-05,2018,Varsity,Regiopolis-Notre Dame Panthers (ON),ON,Bayridge (ON),ON,35,14,https://scorestream.com/game/bayridge-vs-regiopolis-notre-dame-2128739,https://scorestream.com/team/bayridge-secondary-school-blazers-283177,283177
2018-11-05,2018,Varsity,Frontenac Falcons (ON),ON,La Salle (ON),ON,27,16,https://scorestream.com/game/frontenac-vs-la-salle-2128734,https://scorestream.com/team/la-salle-secondary-school-black-knights-283157,283157
2018-11-05,2018,Varsity,Sydenham Golden Eagles (ON),ON,Holy Cross (ON),ON,20,17,https://scorestream.com/game/sydenham-vs-holy-cross-2128744,https://scorestream.com/team/holy-cross-secondary-school-crusaders-283736,283736
2018-11-06,2018,Varsity,Crestwood Mustangs (ON),ON,Adam Scott Collegiate (ON),ON,7,19,https://scorestream.com/game/crestwood-vs-adam-scott-collegiate-2139955,https://scorestream.com/team/adam-scott-collegiate-lions-279077,279077
2018-11-06,2018,Varsity,Ashbury College Colts (ON),ON,École Secondaire Catholique Franco-Cité (ON),ON,22,14,https://scorestream.com/game/cole-secondaire-catholique-franco-cit-vs-ashbury-college-2139963,https://scorestream.com/team/cole-secondaire-catholique-franco-cit-faucons-291350,291350
2018-11-06,2018,Varsity,Colonel By Cougars (ON),ON,St. Joseph (ON),ON,14,29,https://scorestream.com/game/colonel-by-vs-st-joseph-2139965,https://scorestream.com/team/st-joseph-high-school-jaguars-297361,297361
2018-11-08,2018,Varsity,Holy Names Catholic Knights (ON),ON,Villanova (ON),ON,6,45,https://scorestream.com/game/holy-names-catholic-vs-villanova-2139849,https://scorestream.com/team/villanova-wildcats-279550,279550
2018-11-09,2018,Varsity,Tecumseh Vista Vortex (ON),ON,General Amherst (ON),ON,21,16,https://scorestream.com/game/tecumseh-vista-vs-general-amherst-2147719,https://scorestream.com/team/general-amherst-high-school-bulldogs-291217,291217
2018-11-10,2018,Varsity,Ashbury College Colts (ON),ON,St Peter Catholic (ON),ON,21,31,https://scorestream.com/game/st-peter-catholic-vs-ashbury-college-2149073,https://scorestream.com/team/st-peter-catholic-high-school-knights-279110,279110
2018-11-13,2018,JV,Frontenac Falcons JV (ON),ON,Regiopolis-Notre Dame JV (ON),ON,25,0,https://scorestream.com/game/regiopolis-notre-dame-vs-frontenac-2186294,https://scorestream.com/team/regiopolis-notre-dame-panthers-283159,283159
2018-11-14,2018,Varsity,Crestwood Mustangs (ON),ON,St. Theresa Catholic (ON),ON,25,15,https://scorestream.com/game/st-theresa-catholic-vs-crestwood-2203470,https://scorestream.com/team/st-theresa-catholic-secondary-school-titans-279791,279791
2018-11-15,2018,Varsity,Holy Names Catholic Knights (ON),ON,Herman (ON),ON,17,6,https://scorestream.com/game/herman-vs-holy-names-catholic-2148062,https://scorestream.com/team/herman-high-school-griffins-279116,279116
2018-11-15,2018,Varsity,Oakville Trafalgar Red Devils (ON),ON,T.A. Blakelock (ON),ON,7,13,https://scorestream.com/game/oakville-trafalgar-vs-ta-blakelock-2149056,https://scorestream.com/team/ta-blakelock-high-school-tigers-279761,279761
2018-11-21,2018,Varsity,Holy Names Catholic Knights (ON),ON,Northern (ON),ON,10,29,https://scorestream.com/game/holy-names-catholic-vs-northern-2217970,https://scorestream.com/team/northern-collegiate-institute-and-vocational-school-vikings-283308,283308
2018-11-27,2018,Varsity,Holy Names Catholic Knights (ON),ON,Huron Heights (ON),ON,24,12,https://scorestream.com/game/huron-heights-vs-holy-names-catholic-2223447,https://scorestream.com/team/huron-heights-secondary-warriors-297380,297380
2019-01-12,2019,Varsity,Tecumseh Vista Vortex (ON),ON,Great Lakes (ON),ON,58,50,https://scorestream.com/game/tecumseh-vista-vs-great-lakes-2420728,https://scorestream.com/team/great-lakes-secondary-school-wolf-pack-297700,297700
2019-02-01,2019,Varsity,Frontenac Falcons (ON),ON,Saltfleet District (ON),ON,75,72,https://scorestream.com/game/saltfleet-district-vs-frontenac-2447042,https://scorestream.com/team/saltfleet-district-high-school-storm-283306,283306
2019-03-04,2019,Varsity,Holy Names Catholic Knights (ON),ON,Pine Ridge (ON),ON,67,61,https://scorestream.com/game/holy-names-catholic-vs-pine-ridge-2496255,https://scorestream.com/team/pine-ridge-secondary-school-pumas-291225,291225
2019-03-06,2019,Varsity,Sydenham Golden Eagles (ON),ON,Fort Frances (ON),ON,0,0,https://scorestream.com/game/fort-frances-vs-sydenham-2498002,https://scorestream.com/team/fort-frances-high-school-muskies-279678,279678
2019-05-01,2019,Varsity,Oakville Trafalgar Red Devils (ON),ON,Abbey Park (ON),ON,3,0,https://scorestream.com/game/oakville-trafalgar-vs-abbey-park-2561504,https://scorestream.com/team/abbey-park-high-school-eagles-279740,279740
2019-05-01,2019,Varsity,Trinity College Bears (ON),ON,Brooklin (ON),ON,7,6,https://scorestream.com/game/brooklin-vs-trinity-college-2561508,https://scorestream.com/team/brooklin-high-school-bears-291226,291226
2019-05-10,2019,Varsity,Holy Names Catholic Knights (ON),ON,Leamington District (ON),ON,8,7,https://scorestream.com/game/leamington-district-vs-holy-names-catholic-2582366,https://scorestream.com/team/leamington-district-secondary-school-lions-291195,291195
2019-05-13,2019,Varsity,Trinity College Bears (ON),ON,J. Clarke Richardson Collegiate (ON),ON,11,0,https://scorestream.com/game/j-clarke-richardson-collegiate-vs-trinity-college-2582606,https://scorestream.com/team/j-clarke-richardson-collegiate-storm-291228,291228
2019-05-21,2019,Varsity,Holy Names Catholic Knights (ON),ON,Vincent Massey (ON),ON,3,1,https://scorestream.com/game/vincent-massey-vs-holy-names-catholic-2592389,https://scorestream.com/team/vincent-massey-secondary-school-mustangs-290333,290333
2019-06-03,2019,Varsity,Frontenac Falcons (ON),ON,St. Mary'S (ON),ON,7,17,https://scorestream.com/game/frontenac-vs-st-marys-2613590,https://scorestream.com/team/st-marys-high-school-mustangs-298233,298233
2019-06-05,2019,Varsity,Stouffville District Spartans (ON),ON,Nantyr Shores (ON),ON,40,5,https://scorestream.com/game/stouffville-district-vs-nantyr-shores-2615552,https://scorestream.com/team/nantyr-shores-secondary-school-tritons-291266,291266
2019-08-29,2019,Varsity,Holy Names Catholic Knights (ON),ON,Zeeland East (MI),MI,14,49,https://scorestream.com/game/zeeland-east-vs-holy-names-catholic-2623139,https://scorestream.com/team/zeeland-east-high-school-chix-8584,8584
2019-09-20,2019,Varsity,Cardinal Carter Cougars (ON),ON,Holy Names Catholic (ON),ON,33,0,https://scorestream.com/game/cardinal-carter-vs-holy-names-catholic-2757215,https://scorestream.com/team/holy-names-catholic-high-school-knights-279551,279551
2019-09-20,2019,Varsity,Tecumseh Vista Vortex (ON),ON,E.J. Lajeunesse Catholic (ON),ON,15,6,https://scorestream.com/game/ej-lajeunesse-catholic-vs-tecumseh-vista-2757224,https://scorestream.com/team/ej-lajeunesse-catholic-high-school-lions-279561,279561
2019-09-21,2019,Varsity,Trinity College Bears (ON),ON,Upper Canada (ON),ON,35,12,https://scorestream.com/game/upper-canada-vs-trinity-college-2757277,https://scorestream.com/team/upper-canada-college-blues-279783,279783
2019-09-26,2019,Varsity,Cardinal Carter Cougars (ON),ON,Sandwich (ON),ON,24,0,https://scorestream.com/game/cardinal-carter-vs-sandwich-2771880,https://scorestream.com/team/sandwich-secondary-school-sabres-292111,292111
2019-09-28,2019,Varsity,Trinity College Bears (ON),ON,St Andrew'S (ON),ON,34,24,https://scorestream.com/game/trinity-college-vs-st-andrews-2778068,https://scorestream.com/team/saint-andrews-college-saints-279781,279781
2019-09-28,2019,JV,Trinity College Bears JV (ON),ON,St. Paul JV (ON),ON,20,13,https://scorestream.com/game/trinity-college-vs-st-paul-2777197,https://scorestream.com/team/st-paul-secondary-school-wolverines-292113,292113
2019-09-30,2019,Varsity,Trinity College Bears (ON),ON,Valley Heights (ON),ON,28,7,https://scorestream.com/game/valley-heights-vs-trinity-college-2779073,https://scorestream.com/team/valley-heights-bear-298241,298241
2019-10-03,2019,Varsity,Tecumseh Vista Vortex (ON),ON,Riverside (ON),ON,2,21,https://scorestream.com/game/riverside-vs-tecumseh-vista-2792101,https://scorestream.com/team/riverside-secondary-school-rebels-298006,298006
2019-10-03,2019,Varsity,Trinity College Bears (ON),ON,St. Joseph (ON),ON,5,0,https://scorestream.com/game/trinity-college-vs-st-joseph-2788943,https://scorestream.com/team/st-joseph-high-school-jaguars-297361,297361
2019-10-17,2019,JV,St. Mary'S Eagles JV (ON),ON,Bishop Ryan Catholic JV (ON),ON,29,0,https://scorestream.com/game/st-marys-vs-bishop-ryan-catholic-2821139,https://scorestream.com/team/bishop-ryan-catholic-secondary-school-celtics-279763,279763
2019-10-17,2019,Varsity,St. Mary'S Eagles (ON),ON,St. David Catholic (ON),ON,0,0,https://scorestream.com/game/st-david-catholic-vs-st-marys-2756012,https://scorestream.com/team/st-david-catholic-secondary-school-celtics-283079,283079
2019-10-19,2019,Varsity,St. Mary'S Eagles (ON),ON,Bishop Tonnos (ON),ON,28,15,https://scorestream.com/game/st-marys-vs-bishop-tonnos-2825807,https://scorestream.com/team/bishop-tonnos-catholic-secondary-school-titans-279765,279765
2019-10-19,2019,JV,St. Mary'S Eagles JV (ON),ON,St. David Catholic JV (ON),ON,18,0,https://scorestream.com/game/st-marys-vs-st-david-catholic-2825759,https://scorestream.com/team/st-david-catholic-secondary-school-celtics-283079,283079
2019-10-22,2019,Varsity,St. Mary'S Eagles (ON),ON,Superior Heights Collegiate (ON),ON,16,14,https://scorestream.com/game/superior-heights-collegiate-vs-st-marys-2830443,https://scorestream.com/team/superior-heights-collegiate-steelhawks-279080,279080
2019-10-23,2019,JV,St. Mary'S Eagles JV (ON),ON,Bishop Tonnos JV (ON),ON,16,2,https://scorestream.com/game/st-marys-vs-bishop-tonnos-2834654,https://scorestream.com/team/bishop-tonnos-catholic-secondary-school-titans-279765,279765
2019-10-23,2019,Varsity,St. Mary'S Eagles (ON),ON,St. Benedict Catholic (ON),ON,10,21,https://scorestream.com/game/st-benedict-catholic-vs-st-marys-2756015,https://scorestream.com/team/st-benedict-catholic-secondary-school-saints-283307,283307
2019-10-23,2019,Varsity,St. Joseph Jaguars (ON),ON,École Secondaire Catholique Algonquin (ON),ON,35,10,https://scorestream.com/game/cole-secondaire-catholique-algonquin-vs-st-joseph-2834487,https://scorestream.com/team/cole-secondaire-catholique-algonquin-barons-291349,291349
2019-10-25,2019,Varsity,St. Joseph Jaguars (ON),ON,St. Matthew (ON),ON,0,0,https://scorestream.com/game/st-joseph-vs-st-matthew-2766171,https://scorestream.com/team/st-matthew-high-school-tigers-292135,292135
2019-10-25,2019,JV,St. Joseph Jaguars JV (ON),ON,St. Peter Catholic JV (ON),ON,35,0,https://scorestream.com/game/st-peter-catholic-vs-st-joseph-2840972,https://scorestream.com/team/st-peter-catholic-secondary-school-saints-279815,279815
2019-10-31,2019,Varsity,St. Joseph Jaguars (ON),ON,Tecumseh Vista (ON),ON,20,3,https://scorestream.com/game/tecumseh-vista-vs-st-joseph-2858839,https://scorestream.com/team/tecumseh-vista-academy-vortex-291194,291194
2019-11-01,2019,JV,St. Mary'S Eagles JV (ON),ON,St. Jean De Brebeuf JV (ON),ON,40,8,https://scorestream.com/game/st-jean-de-brebeuf-vs-st-marys-2860274,https://scorestream.com/team/st-jean-de-brebeuf-secondary-school-braves-279768,279768
2019-11-02,2019,Varsity,St. Joseph Jaguars (ON),ON,Moeller (OH),OH,14,53,https://scorestream.com/game/moeller-vs-st-joseph-2674744,https://scorestream.com/team/moeller-high-school-fighting-crusaders-244237,244237
2019-11-03,2019,Varsity,St. Mary'S Eagles (ON),ON,Bishop Tonnos (ON),ON,36,6,https://scorestream.com/game/st-marys-vs-bishop-tonnos-2866510,https://scorestream.com/team/bishop-tonnos-catholic-secondary-school-titans-279765,279765
2019-11-06,2019,JV,St. Joseph Jaguars JV (ON),ON,West Ferris JV (ON),ON,34,0,https://scorestream.com/game/west-ferris-vs-st-joseph-2874385,https://scorestream.com/team/west-ferris-secondary-school-trojans-291352,291352
2019-11-08,2019,Varsity,St. Mary'S Eagles (ON),ON,St. David Catholic (ON),ON,28,17,https://scorestream.com/game/st-david-catholic-vs-st-marys-2890650,https://scorestream.com/team/st-david-catholic-secondary-school-celtics-283079,283079
2019-11-08,2019,Varsity,St. Joseph Jaguars (ON),ON,Trinity College (ON),ON,21,13,https://scorestream.com/game/trinity-college-vs-st-joseph-2891235,https://scorestream.com/team/trinity-college-school-bears-279782,279782
2019-11-11,2019,JV,St. Joseph Jaguars JV (ON),ON,St. Peter Catholic JV (ON),ON,21,19,https://scorestream.com/game/st-peter-catholic-vs-st-joseph-2898092,https://scorestream.com/team/st-peter-catholic-secondary-school-saints-279815,279815
2019-11-14,2019,Varsity,St. Mary'S Eagles (ON),ON,St. David Catholic (ON),ON,21,8,https://scorestream.com/game/st-marys-vs-st-david-catholic-2909670,https://scorestream.com/team/st-david-catholic-secondary-school-celtics-283079,283079
2019-11-15,2019,JV,St. Joseph Jaguars JV (ON),ON,Nottawasaga Pines JV (OTTAWA),OTTAWA,28,13,https://scorestream.com/game/nottawasaga-pines-vs-st-joseph-2916260,https://scorestream.com/team/nottawasaga-pines-secondary-school-timber-wolves-291202,291202
2019-11-21,2019,Varsity,St. Joseph Jaguars (ON),ON,Immaculata (ON),ON,23,0,https://scorestream.com/game/immaculata-vs-st-joseph-2935853,https://scorestream.com/team/immaculata-high-school-saints-298303,298303
2019-12-04,2019,Varsity,St. Joseph Jaguars (ON),ON,Father Michael Goetz (ON),ON,78,49,https://scorestream.com/game/st-joseph-vs-father-michael-goetz-2962287,https://scorestream.com/team/father-michael-goetz-secondary-school-gators-291211,291211
2020-03-01,2020,Varsity,Stouffville District Spartans (ON),ON,Collingwood Collegiate Institute (ON),ON,3,0,https://scorestream.com/game/stouffville-district-vs-collingwood-collegiate-institute-3096717,https://scorestream.com/team/collingwood-collegiate-institute-owls-291201,291201
2020-09-28,2020,Varsity,Philemon Wright Falcons (ON),ON,St. Matthew,,7,0,https://scorestream.com/game/philemon-wright-vs-st-matthew-1473304,https://scorestream.com/team/st-matthew-high-school-tigers-292135,292135
2020-10-05,2020,Varsity,Philemon Wright Falcons (ON),ON,Colonel By,,0,0,https://scorestream.com/game/colonel-by-vs-philemon-wright-1473308,https://scorestream.com/team/colonel-by-secondary-school-cougars-298304,298304
2020-10-19,2020,Varsity,Philemon Wright Falcons (ON),ON,Ashbury College,,34,20,https://scorestream.com/game/ashbury-college-vs-philemon-wright-1473317,https://scorestream.com/team/ashbury-college-colts-279779,279779
2024-02-22,2024,Varsity,Mckinnon Park Blue Devils (ON),ON,Brantford Collegiate Institute (ON),ON,3,0,https://scorestream.com/game/mckinnon-park-vs-brantford-collegiate-institute-5157735,https://scorestream.com/team/brantford-collegiate-institute-mustangs-282983,282983
2024-04-02,2024,Varsity,Tecumseh Vista Vortex (ON),ON,Cardinal Carter (ON),ON,3,1,https://scorestream.com/game/cardinal-carter-vs-tecumseh-vista-5191651,https://scorestream.com/team/cardinal-carter-cougars-279545,279545
2024-05-01,2024,Varsity,Nantyr Shores Tritons (ON),ON,Innisdale (ON),ON,9,9,https://scorestream.com/game/innisdale-vs-nantyr-shores-5234239,https://scorestream.com/team/innisdale-secondary-school-invaders-291196,291196
2024-10-11,2024,Varsity,Huron Heights Warriors (ON),ON,Steubenville (OH),OH,19,34,https://scorestream.com/game/steubenville-vs-huron-heights-5369819,https://scorestream.com/team/steubenville-high-school-big-red-13462,13462
2024-10-15,2024,JV,Stouffville District Spartans JV (ON),ON,Pickering JV (ON),ON,4,3,https://scorestream.com/game/pickering-vs-stouffville-district-5372452,https://scorestream.com/team/pickering-high-school-trojans-273578,273578
2024-11-16,2024,Varsity,École Secondaire Catholique Algonquin Barons (ON),ON,Korah (ON),ON,0,0,https://scorestream.com/game/korah-vs-cole-secondaire-catholique-algonquin-5432189,https://scorestream.com/team/korah-collegiate-and-vocational-school-colts-279565,279565
2024-11-26,2024,Varsity,Tecumseh Vista Vortex (ON),ON,E.J. Lajeunesse Catholic (ON),ON,4,4,https://scorestream.com/game/tecumseh-vista-vs-ej-lajeunesse-catholic-5515823,https://scorestream.com/team/ej-lajeunesse-catholic-high-school-lions-279561,279561
2024-11-29,2024,Varsity,Haliburton Highlands Redhawks (ON),ON,Pickering (ON),ON,0,0,https://scorestream.com/game/haliburton-highlands-vs-pickering-5521932,https://scorestream.com/team/pickering-high-school-trojans-273578,273578
2025-02-06,2025,Varsity,Stoneman Douglas Eagles (ON),ON,West Boca Raton (FL),FL,0,4,https://scorestream.com/game/stoneman-douglas-vs-west-boca-raton-5659106,https://scorestream.com/team/west-boca-raton-bulls-242435,242435
2025-02-12,2025,Varsity,Stoneman Douglas Eagles (ON),ON,Ed White (FL),FL,15,10,https://scorestream.com/game/ed-white-vs-stoneman-douglas-5670251,https://scorestream.com/team/ed-white-commanders-3814,3814
2025-02-18,2025,Varsity,Stoneman Douglas Eagles (ON),ON,Olympic Heights (FL),FL,25,0,https://scorestream.com/game/olympic-heights-vs-stoneman-douglas-5681415,https://scorestream.com/team/olympic-heights-lions-4073,4073
2025-02-20,2025,Varsity,Stoneman Douglas Eagles (ON),ON,Coral Glades (FL),FL,40,0,https://scorestream.com/game/coral-glades-vs-stoneman-douglas-5683230,https://scorestream.com/team/coral-glades-jaguars-3754,3754
2025-02-20,2025,Varsity,Stoneman Douglas Eagles (ON),ON,Western (FL),FL,7,8,https://scorestream.com/game/stoneman-douglas-vs-western-5684477,https://scorestream.com/team/western-fl-wildcats-4275,4275
2025-02-20,2025,Varsity,Stoneman Douglas Eagles (ON),ON,Westminster Academy (FL),FL,4,8,https://scorestream.com/game/stoneman-douglas-vs-westminster-academy-5684315,https://scorestream.com/team/westminster-academy-lions-242460,242460
2025-02-26,2025,Varsity,Stoneman Douglas Eagles (ON),ON,North Broward Prep (FL),FL,0,0,https://scorestream.com/game/stoneman-douglas-vs-north-broward-prep-5693925,https://scorestream.com/team/north-broward-prep-eagles-265492,265492
2025-02-26,2025,Varsity,Stoneman Douglas Eagles (ON),ON,St. Thomas Aquinas (FL),FL,3,1,https://scorestream.com/game/st-thomas-aquinas-vs-stoneman-douglas-5694951,https://scorestream.com/team/st-thomas-aquinas-fl-raiders-242459,242459
2025-03-11,2025,Varsity,Stoneman Douglas Eagles (ON),ON,Cooper City (FL),FL,0,48,https://scorestream.com/game/stoneman-douglas-vs-cooper-city-5711326,https://scorestream.com/team/cooper-city-cowboys-3752,3752
2025-04-02,2025,Varsity,Stoneman Douglas Eagles (ON),ON,West Boca Raton (FL),FL,0,32,https://scorestream.com/game/stoneman-douglas-vs-west-boca-raton-5724008,https://scorestream.com/team/west-boca-raton-bulls-242435,242435
2025-05-16,2025,Varsity,Stoneman Douglas Eagles (ON),ON,Alonso (FL),FL,0,5,https://scorestream.com/game/stoneman-douglas-vs-alonso-5752540,https://scorestream.com/team/alonso-ravens-3661,3661
2025-05-29,2025,Varsity,Moeller Fighting Crusaders (ON),ON,Little Miami (OH),OH,4,8,https://scorestream.com/game/moeller-vs-little-miami-5757310,https://scorestream.com/team/little-miami-high-school-panthers-13189,13189
2025-06-03,2025,Varsity,Moeller Fighting Crusaders (ON),ON,Thomas Worthington (OH),OH,8,6,https://scorestream.com/game/thomas-worthington-vs-moeller-5760234,https://scorestream.com/team/thomas-worthington-high-school-cardinals-13488,13488
2025-06-04,2025,Varsity,Moeller Fighting Crusaders (ON),ON,Lakota West (OH),OH,2,3,https://scorestream.com/game/lakota-west-vs-moeller-5760334,https://scorestream.com/team/lakota-west-high-school-firebirds-13157,13157
2025-08-23,2025,Varsity,Moeller Fighting Crusaders (ON),ON,Princeton (OH),OH,20,41,https://scorestream.com/game/moeller-vs-princeton-5754925,https://scorestream.com/team/princeton-high-school-vikings-13381,13381
2025-08-23,2025,Varsity,Moeller Fighting Crusaders (ON),ON,Springboro (OH),OH,4,2,https://scorestream.com/game/moeller-vs-springboro-5834778,https://scorestream.com/team/springboro-high-school-panthers-13449,13449
2025-08-30,2025,Varsity,Moeller Fighting Crusaders (ON),ON,Mason (OH),OH,2,0,https://scorestream.com/game/moeller-vs-mason-5842909,https://scorestream.com/team/mason-high-school-comets-13593,13593
2025-08-30,2025,Varsity,Moeller Fighting Crusaders (ON),ON,Mt Carmel (IL),IL,43,42,https://scorestream.com/game/moeller-vs-mt-carmel-5705454,https://scorestream.com/team/mount-carmel-high-school-caravan-242831,242831
2025-09-05,2025,Varsity,Moeller Fighting Crusaders (ON),ON,Trinity (WH),WH,21,24,https://scorestream.com/game/moeller-vs-trinity-5754926,https://scorestream.com/team/trinity-high-school-shamrocks-243072,243072
2025-09-12,2025,Varsity,Moeller Fighting Crusaders (ON),ON,Christ Presbyterian (TN),TN,49,28,https://scorestream.com/game/christ-presbyterian-vs-moeller-5739593,https://scorestream.com/team/christ-presbyterian-academy-lions-273137,273137
2025-09-12,2025,Varsity,Holy Names Catholic Knights (ON),ON,Ud Jesuit (MI),MI,0,0,https://scorestream.com/game/ud-jesuit-vs-holy-names-catholic-5802529,https://scorestream.com/team/university-of-detroit-jesuit-high-school-cubs-243391,243391
2025-09-19,2025,Varsity,Moeller Fighting Crusaders (ON),ON,St. Xavier (OH),OH,13,30,https://scorestream.com/game/moeller-vs-st-xavier-5754927,https://scorestream.com/team/st-xavier-oh-bombers-244244,244244
2025-09-24,2025,JV,Cardinal Carter Cougars JV (ON),ON,Essex District JV (ON),ON,24,6,https://scorestream.com/game/cardinal-carter-vs-essex-district-5856860,https://scorestream.com/team/essex-district-high-school-raiders-291193,291193
2025-09-24,2025,JV,Tecumseh Vista Vortex JV (ON),ON,F. J. Brennan Catholic JV (ON),ON,2,1,https://scorestream.com/game/f-j-brennan-catholic-vs-tecumseh-vista-5856858,https://scorestream.com/team/f-j-brennan-catholic-high-school-cardinal-291216,291216
2025-09-24,2025,JV,St. Joseph Jaguars JV (ON),ON,Holy Names Catholic JV (ON),ON,21,3,https://scorestream.com/game/st-joseph-vs-holy-names-catholic-5856861,https://scorestream.com/team/holy-names-catholic-high-school-knights-279551,279551
2025-09-25,2025,Varsity,St. Joseph Jaguars (ON),ON,Cardinal Carter (ON),ON,28,21,https://scorestream.com/game/cardinal-carter-vs-st-joseph-5856863,https://scorestream.com/team/cardinal-carter-cougars-279545,279545
2025-09-25,2025,Varsity,Cardinal Carter Cougars (ON),ON,Vincent Massey (ON),ON,2,1,https://scorestream.com/game/vincent-massey-vs-cardinal-carter-5856857,https://scorestream.com/team/vincent-massey-secondary-school-mustangs-290333,290333
2025-09-25,2025,Varsity,St. Joseph Jaguars (ON),ON,Holy Names Catholic (ON),ON,59,36,https://scorestream.com/game/st-joseph-vs-holy-names-catholic-5857151,https://scorestream.com/team/holy-names-catholic-high-school-knights-279551,279551
2025-10-04,2025,Varsity,Huron Heights Warriors (ON),ON,Harvest Prep (OH),OH,47,34,https://scorestream.com/game/harvest-prep-vs-huron-heights-5768349,https://scorestream.com/team/harvest-preparatory-school-warriors-244228,244228
2025-10-23,2025,Varsity,Stoneman Douglas Eagles (ON),ON,Coral Springs Charter (FL),FL,6,28,https://scorestream.com/game/stoneman-douglas-vs-coral-springs-charter-5860400,https://scorestream.com/team/coral-springs-charter-panthers-3738,3738
2025-10-30,2025,Varsity,Stoneman Douglas Eagles (ON),ON,Coconut Creek (FL),FL,6,34,https://scorestream.com/game/coconut-creek-vs-stoneman-douglas-5860617,https://scorestream.com/team/coconut-creek-cougars-3748,3748
2025-11-14,2025,Varsity,Moeller Fighting Crusaders (ON),ON,St. Xavier (OH),OH,17,13,https://scorestream.com/game/moeller-vs-st-xavier-5892431,https://scorestream.com/team/st-xavier-oh-bombers-244244,244244
2025-11-17,2025,Varsity,Stoneman Douglas Eagles (ON),ON,Taravella (FL),FL,66,61,https://scorestream.com/game/taravella-vs-stoneman-douglas-5906872,https://scorestream.com/team/taravella-trojans-3923,3923
2025-11-29,2025,Varsity,Moeller Fighting Crusaders (ON),ON,Alter (OH),OH,55,57,https://scorestream.com/game/moeller-vs-alter-5945914,https://scorestream.com/team/archbishop-alter-knights-244274,244274
2025-12-03,2025,Varsity,Moeller Fighting Crusaders (ON),ON,Stivers (OH),OH,41,83,https://scorestream.com/game/moeller-vs-stivers-5980194,https://scorestream.com/team/stivers-tigers-13463,13463
